100741,3
101349,3
101358,3
101371,2
101380,3
101389,2
101411,2
101425,2
101445,3
101450,2
101498,3
101510,2
101528,3
101549,2
101575,2
101691,3
101700,1
101710,2
101728,3
101739,1
101744,2
101747,2
101774,2
101787,3
101933,3
101942,3
101947,2
101956,3
101965,3
101977,2
101982,2
101989,2
101998,3
102012,2
102040,2
102045,3
102054,3
102067,3
102072,3
102078,2
102096,3
102108,2
102120,3
102132,3
102136,3
102146,3
102195,2
102217,2
102365,2
102378,3
102387,2
102414,1
102423,2
102436,2
102450,3
102459,1
102468,3
102476,3
102480,3
102485,2
102495,2
102511,2
102516,2
102525,2
102548,1
102555,3
102648,3
102657,3
102711,3
102717,2
102756,2
102770,3
102776,1
102790,1
102797,2
102807,2
102827,3
102844,3
103285,2
103296,3
103308,3
103313,3
103322,3
103333,2
103336,2
103360,3
103369,3
103378,3
103387,3
103396,2
103489,3
103497,3
103508,3
103514,4
103629,3
103636,3
103645,3
103672,3
103691,3
103698,2
ï»¿103707,4
103716,2
103719,2
103731,2
104357,2
104363,2
104372,2
104380,2
104396,2
104401,2
104411,2
104476,2
104489,2
104494,1
104507,2
104512,2
104531,2
1051225,2
105285,2
105303,3
105317,2
105342,2
105351,2
105360,2
105428,2
105437,2
105448,3
105465,3
105474,2
105481,2
105490,1
105499,3
105521,2
105737,2
105747,2
105750,2
105759,2
105791,2
105828,2
105837,2
105878,3
105897,2
105906,3
105915,2
105937,2
105942,2
105949,2
105970,2
106190,2
106213,2
106222,2
106232,3
106437,2
106446,2
106451,2
106458,2
106485,2
106494,2
106514,3
106529,1
106537,2
106551,2
106567,2
106585,2
106594,2
106607,2
106612,1
106621,2
106630,2
107692,2
107714,2
107717,2
107726,2
107733,3
107742,2
107759,3
107881,2
107907,3
107916,1
107925,3
107952,1
107975,4
108024,1
108040,1
108045,1
108054,2
108067,3
108098,1
108232,1
108237,2
108246,2
108259,2
108277,2
108286,1
108293,3
108336,2
108348,2
108435,3
108440,2
108445,2
108482,2
108505,2
108556,2
108561,2
108571,2
108578,2
109122,2
109131,2
109144,2
109149,3
109162,2
109171,2
109178,2
109379,3
109394,2
109403,2
109412,2
109497,2
109517,2
109555,3
109699,2
109718,2
109722,2
109735,3
109886,3
109910,4
109915,2
109925,2
109934,3
109956,2
109968,2
109973,2
109983,3
111104,2
111187,2
111197,2
111217,2
111236,2
111278,2
111296,2
111305,2
111316,1
111320,2
112184,2
112193,2
112202,2
112207,2
112212,2
112230,2
112239,2
112246,1
112292,2
112301,2
112310,1
112319,2
112328,2
112341,2
112346,2
112366,2
112382,2
112391,2
112398,2
112448,2
112461,2
112494,2
112534,2
112538,3
112758,2
118669,2
118670,3
118671,2
118672,2
118673,2
118674,1
118676,3
118677,2
118678,2
118680,2
118681,2
118682,4
118683,2
118685,3
118686,1
118687,3
118688,2
118689,2
118690,2
118691,2
118692,2
118693,2
118695,2
118696,2
118697,2
118698,2
118699,3
118700,2
118701,2
118702,2
118703,5
118704,3
118705,1
118706,1
118707,1
118708,1
118709,2
118710,1
118711,1
118712,3
118713,2
118714,2
118715,1
118716,2
118717,1
118718,1
118719,1
118729,1
118736,2
118737,1
118738,2
118739,1
118740,2
118741,2
118742,1
118743,5
118744,4
118745,2
118746,2
118747,2
118748,1
118749,2
118750,3
118751,2
118752,1
118753,1
118754,4
118755,1
118756,5
118757,2
118758,2
118759,4
118760,2
118761,5
118763,2
118764,2
118765,2
118766,4
118767,5
118768,4
118769,2
118770,2
118771,2
118772,1
118774,1
118775,1
118777,3
118778,4
118779,2
118783,3
118788,1
118789,5
118791,2
118792,1
118793,2
118794,4
118795,2
118796,2
118797,1
118798,2
118799,1
118824,1
118825,1
118826,2
118827,1
118828,1
118829,3
118830,1
118831,1
118832,3
118833,1
118836,3
118838,1
118840,2
118843,3
118844,3
118845,4
118847,4
118850,1
118853,1
118857,1
118859,1
118860,2
118861,2
118865,2
118866,2
118868,2
118869,3
118872,2
118873,2
118874,1
118875,2
118876,1
118877,1
118878,2
118879,2
118884,2
118892,2
118902,2
118903,1
118905,1
118907,2
118910,1
118911,2
118913,2
118917,1
118919,2
118923,1
118925,2
118927,2
118969,3
118970,2
118971,1
118973,1
118974,2
118975,1
118976,4
118978,1
118979,2
118980,1
118981,1
118982,1
118983,2
118984,2
118985,2
118986,2
118988,2
118989,2
118990,1
118991,1
118992,3
118993,1
118994,1
118996,1
118999,2
119002,4
119003,1
119004,3
119005,2
119024,1
119027,1
119028,2
119030,2
119062,1
119067,1
119068,1
119069,3
119070,1
119071,2
119076,1
119077,1
119078,1
119079,1
119080,2
119081,2
119082,3
119083,3
119084,3
119085,2
119086,2
119087,1
119088,2
119089,2
119090,2
119091,2
119092,2
119102,1
119103,1
119104,1
119105,1
119110,2
119111,2
119112,3
119113,3
119114,2
119115,3
119116,2
119117,1
119118,1
119119,1
119121,2
119122,2
119123,2
119125,2
119126,1
119127,1
119128,1
119130,1
119132,1
119134,1
119135,1
119136,1
119137,1
119138,1
119139,1
119140,1
119141,1
119142,1
119143,1
119144,1
119145,1
119147,1
119157,1
119159,1
119161,1
119162,1
119163,1
119168,2
119170,1
119171,2
119172,1
119173,1
119174,2
119175,1
119176,1
119177,1
119178,1
119179,1
119180,1
119181,1
119182,1
119183,1
119184,1
119185,1
119186,1
119187,1
119188,1
119189,1
119190,1
119191,1
119192,1
119193,1
119194,1
119195,1
119196,1
119197,1
119198,1
119199,2
119200,1
119202,1
119203,1
119205,1
119209,2
119221,2
119222,1
119223,1
119224,4
119225,4
119226,2
119227,1
119228,1
119229,2
119230,2
119231,1
119232,1
119233,2
119234,2
119235,1
119236,1
119238,2
119239,1
119241,2
119243,5
119244,4
119245,2
119246,1
119258,1
119259,1
119260,1
119261,2
119262,1
119263,2
119264,2
119265,1
119266,3
119267,1
119268,1
119269,2
119270,2
119271,1
119272,2
119273,1
119274,2
119275,1
119276,1
119277,2
119283,1
119288,1
119289,1
119290,1
119300,2
119301,1
119306,2
119307,2
119308,2
119309,2
119310,1
119311,1
119321,1
119322,2
119323,4
119324,2
119325,2
119326,4
119327,4
119328,2
119329,1
119330,1
119331,3
119332,2
119333,1
119334,2
119364,3
119365,3
119366,2
119367,4
119368,2
119369,2
119370,2
119371,1
119372,1
119373,2
119374,1
119375,2
119376,3
119377,2
119378,2
119379,3
119380,4
119381,1
119382,4
119383,2
119384,1
119385,3
119386,5
119387,2
119389,1
119390,1
119391,1
119392,1
119393,1
119395,1
119396,3
119397,2
119398,1
119399,1
119400,1
119401,1
119402,1
119403,1
119404,1
119405,4
119406,2
119407,1
119408,3
119409,3
119410,2
119480,2
119482,1
119483,2
119485,2
119486,1
119490,2
119501,1
119503,1
119506,1
119509,1
119510,1
119512,1
119514,1
119520,2
119522,2
119524,2
119527,1
119529,1
119532,1
119534,2
119537,2
119539,2
119540,2
119602,1
119604,1
119606,1
119608,1
119610,1
119622,1
119623,2
119625,1
119626,1
119629,1
119630,1
119632,1
119634,1
119636,1
119639,1
119640,2
119642,3
119646,1
119650,2
119651,1
119654,1
119656,1
119678,2
119701,1
119710,1
119711,3
119713,4
119715,1
119716,1
119717,2
119719,2
119720,1
119722,2
119724,1
119726,2
119728,1
119730,2
119732,1
119734,3
119736,2
119737,1
119794,1
119795,1
119796,1
119797,1
119798,2
119799,1
119800,1
119801,1
119802,1
119804,1
120056,1
120057,2
120917,1
120949,1
120964,2
120994,1
121003,1
121012,1
121067,3
121072,1
121085,4
121090,2
121099,1
121108,1
121117,1
121126,1
121135,1
121228,2
121238,4
121247,1
121377,1
121386,1
121395,1
121404,1
121422,2
121435,1
121440,5
121443,2
121456,2
121461,1
121470,2
121523,3
121527,1
121561,2
121570,1
121579,1
121587,1
121591,1
121632,1
121637,3
121644,1
121653,1
121666,1
121671,1
121684,1
121689,1
121703,3
121712,3
121719,1
121728,1
121735,1
121742,3
121747,1
121756,1
121763,1
121776,1
121785,4
121794,1
121803,3
121812,1
121822,1
121831,1
121840,1
121849,2
121858,1
121867,1
121874,2
121952,1
121965,2
121970,1
122123,1
122132,1
122141,1
122150,2
122248,2
122266,4
122275,1
122284,1
122297,2
122302,1
122338,2
122350,1
122354,1
122364,2
122373,1
122395,2
122622,1
122635,1
122640,2
122649,1
122662,1
122689,2
122698,3
122712,2
122726,1
122735,2
122791,1
122796,4
122809,1
122818,1
122823,3
122843,1
122856,3
122861,3
122945,2
122954,4
122963,2
122972,1
122981,1
123017,2
123024,2
123033,1
123042,1
123083,1
123092,1
123101,2
123110,2
123119,1
123142,1
123149,1
123160,1
123174,1
123198,2
123207,1
123220,1
123225,1
123235,1
123244,4
123253,1
123262,2
123271,2
123280,2
123289,2
123296,1
123303,2
123310,2
123328,1
123337,1
123346,2
123355,2
123376,1
123380,1
123389,2
123398,3
123407,1
123416,1
123502,2
123506,1
123520,3
123536,1
123580,1
123585,1
123594,1
123603,2
123614,1
123617,2
123626,1
123635,1
123644,1
123661,5
123685,1
123699,3
123708,4
123713,1
123722,1
123740,1
123749,1
123758,2
123776,1
123789,2
123794,2
123803,1
123812,2
123826,1
123831,1
123840,1
123847,1
123854,1
123861,2
123872,1
123879,1
123891,5
123895,1
123908,2
123913,1
123926,3
123935,1
123944,2
123953,1
123962,1
123971,1
123978,1
123986,3
123994,2
124017,4
124026,1
124031,1
124040,1
124060,1
124069,1
124078,2
124083,1
124120,1
124129,1
124138,1
124147,1
124156,3
124165,1
124179,1
124184,1
124246,1
124258,1
124267,1
124276,1
124290,3
124297,2
124306,1
124335,1
124344,1
124430,2
124443,1
124448,3
124458,3
124467,3
124480,3
124494,1
124499,1
124525,1
124530,1
124545,2
124682,4
124718,2
124731,1
124773,5
124778,1
124794,4
124822,2
124879,2
124892,1
124897,2
124906,1
124936,3
124940,1
125006,1
125011,1
125020,1
125038,1
125112,3
125126,1
125155,1
125160,2
125169,1
125178,1
125187,1
125207,1
125220,2
125920,2
125929,1
125941,3
125949,3
125954,2
128360,3
128366,1
128367,1
128523,1
128528,2
128538,1
128551,1
128556,1
128565,1
128780,1
128789,3
129071,1
129174,3
129183,2
129195,2
129232,1
129241,1
129251,2
129277,1
129299,1
129304,1
129322,1
129340,2
129349,1
129571,2
129580,1
129585,3
129615,2
129620,2
129646,4
129664,2
129842,1
129868,1
130054,1
130059,1
130072,1
130109,2
130118,1
130128,2
130153,1
130176,1
130179,1
130184,1
130189,1
130194,1
130199,1
130204,2
130209,1
130231,2
130233,1
130234,2
130236,1
130237,1
130239,1
130240,1
130241,2
130242,2
130243,1
130244,1
130245,1
130246,1
130247,1
130249,1
130250,1
130251,1
130252,2
131807,2
131975,2
132197,1
132206,1
132229,2
132234,4
132247,2
132252,2
132261,1
132330,1
132341,1
132368,1
132388,2
132397,1
132406,2
132415,1
132424,1
132433,2
132442,2
132633,1
132770,2
132779,2
132805,3
132818,1
132912,2
132913,1
132914,1
132915,1
133151,1
133373,1
133390,1
133399,1
133406,2
133413,1
133423,2
133465,2
133472,2
133479,1
133486,2
133494,1
133501,2
133901,1
133937,3
134072,2
134207,3
134215,1
134505,1
134516,1
134624,1
134637,1
134657,1
134664,1
134682,1
134693,2
134796,2
134801,1
134885,1
134898,1
134905,3
134908,1
134917,1
134922,1
134931,1
134940,3
135106,1
135224,2
135227,4
135240,3
135245,2
135254,1
135263,2
135272,2
135281,2
135294,2
135299,2
135583,1
135586,2
135788,3
135801,1
135806,2
136099,1
136202,2
136211,1
136220,2
136230,2
136241,2
136246,1
136698,1
136707,1
136716,3
136737,2
136742,2
136754,1
137001,1
137218,1
137223,1
137228,2
137237,1
137246,1
137255,4
137267,3
137271,3
137280,1
137289,1
137298,1
137533,1
137997,1
138005,3
138025,1
138030,1
138094,2
138112,1
138121,1
138890,2
138909,1
138912,1
138928,1
139021,1
139026,1
139033,2
139042,3
139053,1
139062,4
139224,1
139235,1
139246,1
139266,2
139278,1
139311,1
139416,1
139510,2
140333,1
140334,1
140335,1
140722,1
140747,2
140762,1
140777,1
140791,2
141149,2
141167,1
141190,1
141195,1
141204,3
141216,1
142010,2
142021,1
142027,1
142061,1
142068,1
142077,2
142098,2
142150,1
142159,3
142170,4
142173,1
142344,1
142353,2
142362,1
142434,1
142443,1
142452,2
142459,1
142476,4
142483,2
142493,1
142502,2
143103,2
143125,1
143169,1
143348,1
143357,1
143366,4
143375,1
143419,2
143428,1
143462,2
143475,2
143484,1
143491,1
143501,1
143520,2
143529,3
143538,2
143563,2
143597,1
143615,5
143628,2
143632,1
143643,1
143667,1
143676,2
143694,1
143723,1
143732,2
143741,2
143750,1
143792,1
143799,2
143815,3
143820,2
143838,1
143843,3
143851,1
143861,4
143888,3
143906,1
147406,1
147438,1
147503,2
147521,2
147530,4
147850,1
147855,1
147892,2
148049,1
148058,1
148209,1
148227,2
148249,1
148283,2
148819,1
148873,2
148880,1
148889,1
148896,1
148900,2
148908,1
149454,1
149474,1
149483,2
149510,1
149535,1
149553,1
149562,1
149591,1
149596,2
149623,1
149626,1
149631,1
149641,2
149650,1
149740,1
149749,2
149766,3
149771,2
149798,2
149807,1
149814,1
149823,2
149834,3
149855,1
150177,1
150201,4
150214,3
150782,2
151045,2
151098,2
151107,1
151122,3
151126,1
151146,2
151153,4
151179,1
151204,4
151284,1
151293,1
151303,3
151310,3
151328,1
151337,1
151346,2
151360,1
151374,1
155919,1
155952,1
157017,1
157033,1
159964,2
159984,1
159987,1
160026,2
160035,1
160059,2
160068,1
160077,2
160086,1
160095,1
160104,1
160128,1
160153,1
160164,1
160175,4
160184,1
160200,1
160210,1
160214,4
160223,2
160232,1
160245,2
160329,2
160342,1
160347,1
160356,1
160555,1
160564,1
160573,2
160580,1
160587,4
160594,1
160680,1
160811,2
160821,1
160835,1
160838,3
160847,1
160856,1
160861,1
160871,1
160876,3
160885,4
160894,2
160903,1
160980,1
161974,2
161983,1
161997,2
162021,1
162039,1
162057,1
162073,1
162076,2
162091,1
162100,1
162106,1
162111,1
162131,1
162140,1
162149,2
162158,1
162180,1
162260,2
162265,2
162314,1
162319,1
162337,1
162363,1
162368,1
162386,1
162395,1
162405,2
162414,1
162425,1
162475,1
162486,1
162498,1
162507,2
162530,1
162539,1
162557,1
162633,3
162637,3
162646,1
162688,1
162693,1
162700,3
162707,1
162714,2
162721,1
162728,1
162770,1
162775,3
162782,1
162792,1
162801,1
162810,1
162819,1
162828,1
162837,3
162897,2
162904,2
162911,1
162920,1
162929,1
162938,2
162956,5
162969,1
162978,2
162991,3
163000,1
163009,1
163014,1
163023,3
163032,3
163054,1
163059,2
163074,1
163118,1
163127,1
163136,2
163145,1
163158,2
163163,1
163172,2
163184,2
163188,1
163198,4
163313,1
163322,1
163333,1
163336,2
163345,3
163371,6
163393,4
163706,4
163709,1
163718,3
163740,1
163841,1
163856,1
163861,1
164196,2
164203,1
164210,2
164221,1
165275,1
165289,1
165298,1
165309,2
165316,1
165329,1
165334,1
165343,1
165352,3
165357,2
166848,2
166857,2
166866,1
166880,1
166889,1
166912,1
166921,1
166930,1
166939,1
166948,1
166957,1
166966,2
166975,1
166984,1
166989,1
166999,1
167014,2
167021,1
167030,2
171078,2
171092,2
171106,1
171115,2
171124,3
171133,1
171142,1
171155,1
171343,1
171353,1
171362,1
171375,1
171380,4
171389,1
171398,1
171407,1
171830,1
171837,3
171847,2
171854,1
171864,1
171873,1
171882,1
171886,1
172002,1
172011,1
172020,1
172033,3
172038,4
172047,1
172056,4
172078,1
172083,1
172096,1
172268,2
172277,1
172295,1
172304,1
172320,1
172332,2
172339,1
172352,1
172359,1
172367,1
172384,3
172393,2
172403,1
174833,1
174860,1
174865,1
174872,1
174885,3
176204,1
176217,3
176222,1
176231,1
176244,1
176249,3
176262,1
176267,2
176275,1
176283,3
176292,2
176301,1
176311,1
176458,2
176473,3
176861,1
176886,1
176891,1
176917,2
176926,1
176935,2
176951,1
176956,1
176966,2
176971,1
176976,1
200217,4
200229,3
200334,1
200355,1
200364,1
200385,3
200390,1
200399,1
200416,1
200425,2
200434,1
200452,1
200461,1
200471,1
201479,3
201513,2
201531,1
201546,1
201561,1
203283,1
203296,1
203301,3
203313,2
203325,2
203343,2
203381,2
203393,2
203402,1
203683,2
203693,2
203703,2
203713,3
203728,2
203733,1
203742,1
203754,1
203764,1
204060,1
204072,1
204081,2
204090,1
204099,1
204113,1
204121,1
204126,1
204131,2
204141,3
204251,1
204288,4
204322,1
204331,1
204338,2
204345,1
204357,1
204373,1
204378,2
204387,1
204403,2
204424,1
204751,1
204760,2
204769,1
204782,2
204791,1
204800,2
204809,1
204818,2
204829,4
204834,1
204843,1
204852,2
204863,2
204870,1
204879,4
204892,1
204905,2
204910,3
204923,1
205471,1
205476,2
205492,2
205501,1
205510,1
205521,1
205524,1
205538,1
205553,1
205570,2
205579,1
205592,3
217623,2
217672,2
217681,1
217701,2
217710,2
217719,1
217737,4
217751,1
217761,1
217770,2
217788,1
217824,1
217831,3
217953,1
218006,1
218249,1
218319,1
218328,2
218354,2
218363,1
218372,1
218405,1
218418,1
218427,2
218436,2
218445,2
218550,3
218559,2
218622,3
218627,3
218752,1
219067,1
221959,1
222569,2
222592,3
222645,1
222683,1
222684,2
222692,1
222695,1
222697,1
222701,2
222705,1
222711,1
222735,2
222736,1
222739,3
222747,1
222750,1
222752,3
222762,4
222764,4
222766,4
222768,1
222769,1
222771,2
222773,2
222775,1
222777,1
222779,1
222781,1
222783,3
222785,2
222787,1
222789,1
222791,1
222793,1
222795,1
222797,1
222809,3
222812,3
222813,2
222825,2
222829,2
222841,1
222851,1
222884,3
222885,2
222916,1
222931,2
222933,1
222935,1
222947,1
222950,1
222952,1
222954,1
222956,1
222971,1
222973,1
223001,1
223002,2
223008,2
223011,1
223013,1
223015,1
223019,2
223042,3
223044,1
223050,1
223055,1
223060,1
223061,1
223063,1
223065,2
223067,2
223069,2
223071,2
223074,4
223075,1
223077,1
223220,4
223226,3
223232,2
223240,1
223242,1
223244,1
223247,1
223249,1
223251,1
223257,1
223259,1
223261,3
223264,2
223265,2
223267,1
223269,1
223271,1
223277,1
223280,1
223281,1
223283,1
223287,1
223291,1
223297,1
223326,1
223345,1
223347,1
223357,1
223359,1
223362,1
223365,1
223367,1
223369,1
223371,1
223374,1
223376,1
223377,1
223379,4
223381,1
223384,2
223385,1
223393,3
223451,1
223453,1
223455,1
223458,1
223460,1
223462,2
223482,3
223483,2
223489,1
223493,2
223495,2
223497,1
223499,1
223501,1
223503,1
223507,2
223509,1
223511,1
223513,1
223515,1
223517,1
223519,1
223521,1
223523,1
223526,1
223527,1
223529,2
223530,1
223531,1
223532,1
223535,1
223537,2
223539,2
223541,1
225354,1
225356,1
225358,1
225361,1
225362,1
225364,1
225366,1
225369,2
225371,3
225372,1
225374,1
225376,1
225378,1
225380,1
225394,1
225396,1
225398,1
225403,1
225415,1
225417,1
225419,2
225422,2
225423,2
225427,1
225429,5
225431,1
225433,1
225435,1
225559,1
225562,5
225563,1
225565,1
225567,1
225570,4
225571,2
225588,1
225590,1
225593,1
225595,1
225597,1
228524,1
228525,1
228527,1
228529,1
228531,1
228533,1
229290,1
229298,1
229307,2
229310,1
229311,1
229316,1
229318,1
229323,1
229324,1
229326,1
229328,1
229332,4
229333,1
229335,1
229341,1
229343,1
232852,1
232855,1
232856,1
232858,1
232860,1
232863,1
233454,1
233456,1
233458,1
233461,1
234641,1
234652,2
234655,1
234656,1
234658,1
234660,1
234662,1
234664,1
234666,1
234668,1
235638,1
235643,1
235645,1
235647,1
235651,1
235653,1
235656,1
235659,1
236969,3
236970,1
236976,1
236978,1
236982,1
236986,1
236990,1
236995,1
236999,1
237003,1
238629,5
238632,1
238644,4
238647,1
238649,1
238651,1
238653,1
238655,1
238666,1
238670,1
241342,1
241346,4
241349,1
241350,1
241352,1
241354,1
241356,1
241360,1
241362,1
241364,1
241366,2
241368,1
241370,1
241377,1
241381,1
241392,1
241394,1
241396,1
241397,1
241399,1
241401,3
241403,1
241799,1
241804,1
242878,1
242881,2
242883,1
242885,1
242887,1
242889,1
242891,1
242893,3
242895,1
242897,2
242899,1
242900,1
244931,1
244933,1
244935,1
244937,1
244939,2
244942,1
244945,2
244950,1
244952,1
248609,1
248611,1
248614,2
248618,2
248620,1
248622,1
248625,1
248626,1
248630,1
248632,1
248634,3
248636,2
248638,1
248640,1
248642,1
248644,1
248646,1
248648,1
248651,4
248652,1
248654,1
248656,1
248663,1
248665,1
248669,1
248673,1
248675,1
248677,1
248679,1
248681,1
248683,1
248685,1
250621,1
250624,2
250625,1
250627,1
250629,3
250631,1
250633,2
250635,3
250637,1
250639,1
250641,2
250643,1
250646,3
250647,1
250649,1
250651,1
250653,1
250655,1
250657,1
250659,1
250661,1
250665,2
254748,2
254754,1
254756,2
254758,1
254760,1
254762,1
254764,1
254768,1
254770,1
254773,4
254775,1
254777,2
254779,1
254781,1
254783,1
254785,1
254787,1
254809,1
254811,2
254813,1
254815,1
254817,1
254819,1
254822,1
255405,1
255407,2
255409,1
255411,1
255413,1
255415,1
255417,1
255419,2
255421,2
255425,1
255427,1
255430,2
255431,1
255433,1
255435,1
255438,1
258621,1
258623,1
258625,1
258627,2
258629,1
258633,2
258635,1
258637,2
258639,1
258641,1
258643,1
258645,1
258647,1
258649,1
258651,1
258653,1
258655,1
258657,1
258658,2
258660,1
258662,1
258664,1
258666,1
258668,1
258670,1
258672,2
258674,1
258676,1
258679,1
258680,3
258682,1
258684,3
258686,1
258690,1
258692,1
258694,1
258696,4
258699,2
258701,1
258703,4
258705,1
258707,1
258709,1
258711,2
258713,1
258717,1
258719,2
260223,1
260225,2
260227,3
260229,1
260231,1
260233,1
260235,2
260237,1
260241,1
260243,1
260245,1
260247,2
260249,1
260251,1
260253,2
260255,1
260257,1
260259,1
260261,1
260263,2
260265,1
260267,1
260269,2
260271,1
260273,1
260275,1
261059,3
261061,1
261063,1
261065,1
261067,1
261069,2
261071,1
261073,1
261075,1
261077,1
261079,1
261083,1
261084,1
263676,1
263678,2
263680,1
263682,1
263683,1
263685,1
263689,2
263691,1
263693,1
263695,2
263697,1
263699,1
263701,1
263703,2
263705,2
263707,1
263709,1
263711,1
263713,3
263715,2
263717,1
263719,1
263722,1
263724,1
263726,1
263728,1
263730,1
263732,1
263736,1
263738,1
263740,1
263742,2
263744,3
263746,1
263748,1
263750,3
263752,2
263754,1
265199,1
265201,2
265203,1
265205,1
265207,1
265209,1
265211,1
265213,1
265215,1
265217,1
265219,1
265221,1
265225,3
265226,1
265228,1
265230,1
265232,1
265234,1
265236,1
265238,1
265240,1
265242,1
265246,2
265248,1
265250,2
265252,1
265254,1
265256,1
265258,1
265260,1
265262,1
265264,1
265267,1
265269,1
267741,1
267743,1
267745,1
267747,1
267749,1
267751,1
267753,1
267755,1
267757,1
267759,1
267761,1
267763,1
267765,1
267767,1
267769,1
267771,1
267773,3
267777,3
267779,1
267781,1
267783,1
270018,1
270023,3
270025,1
270027,1
270031,1
270037,1
270042,3
270043,1
270045,1
270050,1
270052,1
270054,3
270056,1
270058,1
270063,1
270065,1
270067,1
270069,1
272646,1
272652,1
272654,1
272657,2
272668,2
272683,2
272687,1
272689,1
272692,1
272694,1
272700,2
272710,1
272712,1
272714,1
272716,1
272720,1
272722,1
272724,1
272726,1
272728,1
272730,2
272732,2
272734,1
272736,1
272738,1
272740,1
272742,1
272744,1
272746,2
272748,1
272750,2
272752,1
272754,1
272756,1
272758,1
272760,1
272762,3
272764,1
272766,1
272768,3
272772,1
272774,2
272776,2
272778,1
272780,2
272782,1
272784,3
272786,1
272788,1
272790,2
272792,1
272794,1
272796,1
272798,1
272800,1
272802,1
272804,2
272806,2
272808,1
272812,1
272814,1
272816,1
272818,1
272820,1
272822,1
272824,1
272826,1
272828,3
272830,2
272832,1
272834,2
272836,1
272844,1
272846,1
272848,1
272850,1
272852,1
272854,1
273513,1
273516,1
273518,1
274506,1
274508,1
274510,1
274512,2
274514,1
274516,1
274518,1
274521,1
274523,1
274525,1
274527,1
274529,2
274532,2
274553,1
274555,1
274557,1
274667,1
274669,1
274671,1
274693,1
274695,1
274698,2
274699,2
274701,1
274703,1
274705,1
274708,2
274709,1
274711,1
274714,2
274715,1
274717,1
275405,1
275407,2
275409,1
275410,2
275412,1
275414,1
275417,1
275419,2
275422,1
275425,2
275428,1
275429,1
275432,1
275433,2
275438,1
275451,1
275452,1
275454,1
275461,1
275464,1
275470,1
275477,1
275478,1
275481,1
275483,1
275485,1
275486,1
275487,1
275489,5
275492,2
275494,1
275499,2
275635,1
275650,1
275659,1
275662,1
275760,1
275763,1
276573,1
277025,1
277027,1
277029,1
277031,1
277033,1
277035,1
277037,1
277039,4
277041,2
277043,1
277045,1
277047,1
277050,1
277052,1
277054,1
277060,1
277062,3
277064,1
277066,4
277068,1
277070,1
277072,1
277074,1
277076,1
277078,4
277080,1
277082,1
277084,1
277556,1
277558,2
277667,1
277669,2
277671,1
277673,1
277750,3
277751,1
277755,2
277767,2
278118,1
278119,1
278123,1
278142,1
278155,1
278169,1
278190,2
278240,1
278258,1
278270,1
278301,1
278303,1
278305,1
278307,1
278309,1
278311,1
278313,1
278315,2
278317,1
278319,1
280543,1
280545,1
280547,1
280549,1
280550,1
280552,1
280554,1
280556,1
280558,1
280560,1
280562,1
280564,1
280566,4
280568,1
280570,1
280572,1
280574,1
280576,3
280578,2
280580,1
280582,1
280584,2
280587,1
280589,1
280591,1
280593,1
280596,1
280597,1
280599,1
280601,2
280603,1
280605,3
280608,1
280614,1
280616,1
280618,1
280620,3
280622,1
280624,1
280638,1
280640,1
280642,1
280643,1
280650,1
280654,2
280656,2
280658,1
280660,1
280662,1
280665,2
280907,1
280909,1
280911,1
280913,1
280915,1
280917,1
281380,1
281382,1
281384,1
281386,2
281389,2
281391,1
281393,1
281395,3
281397,1
281407,1
281425,1
281430,1
281432,1
281434,3
281436,2
281438,1
281440,1
281442,1
281444,1
281447,1
281449,1
281451,1
281831,1
281833,1
281835,1
281837,2
281839,1
281841,1
281843,1
281845,1
281847,2
281849,1
281851,1
281853,1
281855,1
281857,1
281859,1
281874,1
281877,1
281889,1
281891,1
281901,1
281912,1
281914,2
281917,3
281924,1
282657,1
282663,1
282665,1
282668,1
282670,2
282672,1
282674,1
282676,1
282678,1
282680,1
282682,1
282684,1
282686,1
282688,1
282690,1
282692,2
282694,1
282696,1
282700,1
282708,1
282711,1
282713,2
282715,1
282717,1
282719,1
282726,1
282728,2
283918,1
283922,1
283924,1
283926,1
283929,1
283930,2
283932,1
283934,1
283936,1
283938,2
283940,1
283942,1
283944,1
283946,1
283948,2
283950,1
283952,1
283954,1
283956,2
283958,1
285116,3
285119,1
285121,1
285127,1
285129,1
285131,1
285133,1
285135,1
285137,1
285139,1
285141,1
285143,1
285145,2
285147,1
285149,1
285151,1
285153,1
285155,2
285157,1
285452,1
285469,1
285472,1
285480,1
285484,1
285488,2
285903,1
285905,1
285911,1
285913,1
285915,1
285917,1
285919,1
285921,1
285923,1
285925,1
285927,1
286083,1
286093,1
286635,1
286639,1
286641,3
286644,1
286646,1
286648,1
286650,1
286652,1
286654,1
286656,1
286658,1
286660,1
286662,2
286664,1
286666,1
286668,1
286672,1
286674,1
286676,1
286679,1
286681,1
286683,1
286685,1
286687,2
286693,1
288867,1
288869,1
288871,1
288873,1
288875,1
288877,1
288879,1
288881,1
288883,1
288885,2
288887,1
288890,2
288891,1
288894,1
288895,3
288897,1
288900,1
288902,2
288905,1
288907,1
288910,2
288911,1
288913,2
288917,2
288919,2
288921,1
288924,1
288925,1
288927,1
288932,1
288934,3
288937,1
288939,1
288941,1
288943,1
288945,1
288947,1
288949,1
290924,2
290934,1
290936,1
290938,1
290940,1
290942,1
290944,1
290947,1
290949,1
290951,2
290953,1
290955,1
290959,1
290961,1
290963,1
290965,1
290967,1
290969,1
290972,1
290974,1
290990,1
290992,1
290994,1
290996,1
290998,3
291000,1
291002,1
291014,1
291016,1
291018,1
291020,2
291030,1
291043,1
291045,1
291047,1
291049,4
291051,2
291055,1
291057,1
291059,1
291063,1
291065,1
291067,2
291867,1
291870,2
291872,1
291874,2
291876,2
291878,1
291880,1
291882,1
291884,1
291887,2
291888,1
291890,2
291892,2
291894,1
291896,1
291898,2
291900,1
291903,1
291905,2
291908,2
291909,1
291911,1
291913,1
291915,1
291917,1
291919,1
291921,2
291923,1
291925,1
291927,1
291929,1
291931,1
291933,1
291936,1
293676,1
293681,2
293685,1
293688,3
293689,1
293691,2
293693,1
293695,1
293697,2
293699,1
293701,2
293703,2
293705,1
293707,2
293709,1
293711,2
293713,2
293715,1
293717,1
293719,1
293721,1
293723,2
293730,3
293731,3
293733,2
293736,1
293739,1
293743,1
293745,1
293747,1
293750,1
293751,1
293754,1
293755,1
293757,2
293758,2
294742,2
294750,2
294756,1
294764,1
294780,1
294782,1
294784,3
294791,1
294797,3
294799,1
294801,4
294803,3
294805,2
294810,2
294815,2
294827,2
294830,2
294832,1
294835,1
294836,2
294838,1
294840,1
294846,1
294850,2
294859,2
294863,1
294867,1
294869,3
294872,1
294873,3
294875,1
295857,1
295859,1
295861,1
295863,1
295865,1
295867,2
295869,1
295871,2
295874,2
295875,1
295877,1
295879,1
295881,2
295883,3
295885,1
295887,1
295893,2
295905,1
295914,1
295921,2
295924,4
295933,1
295935,2
295937,1
295939,2
295941,1
295944,2
295945,1
295947,1
295949,1
295950,1
295952,1
295955,2
295957,1
296280,1
296282,2
296284,1
296296,1
296298,1
296302,1
296304,2
296306,1
296308,1
296310,1
296313,1
296319,1
296321,1
296323,1
296325,1
296327,1
296329,1
296331,1
296333,1
296336,1
296337,1
296339,1
296341,2
296343,3
296345,1
296347,1
296349,1
296351,1
296353,1
296355,1
296357,2
296359,1
296402,1
296404,1
296406,2
296408,1
296410,1
296413,1
296415,1
296418,1
296420,4
296421,1
296423,1
296425,1
296427,1
296511,1
296513,2
296518,1
296519,1
296527,1
296528,1
296530,1
296532,1
296534,2
296539,2
296543,1
296545,1
296549,1
296582,1
296584,3
296586,1
296589,1
296590,1
296797,1
296800,1
296801,1
296803,2
296805,1
296808,1
296810,1
296991,1
297004,1
297007,2
297009,1
297010,2
297012,2
297014,1
297018,2
297020,2
297035,1
297037,1
297039,2
297042,3
297045,2
297049,1
297271,2
297273,1
297275,2
297277,3
297279,2
297281,1
297283,1
297287,1
297290,1
297292,1
297294,1
297296,1
297298,1
297300,1
297304,2
297308,1
297310,1
297313,1
297314,1
297319,4
297589,1
297591,1
297595,1
297599,1
297601,1
297603,1
297604,1
297608,1
297609,3
297620,1
297625,1
297627,1
297629,4
297631,1
297633,1
297635,1
297637,1
297639,1
297641,1
297643,1
297647,1
297648,1
297655,1
297659,2
297662,1
297666,1
297668,1
297670,2
297671,2
297863,1
297866,1
297868,4
297869,1
297872,1
297874,1
297876,1
297879,4
297888,1
297891,1
297896,1
297899,1
297900,2
297902,1
297906,1
297908,1
297910,1
297913,2
298278,2
298279,1
298281,1
298284,1
298425,1
298427,2
298429,1
298432,3
298433,1
298435,1
298438,1
298439,1
298441,1
299210,5
299212,1
299214,4
299215,1
299218,1
299220,1
299222,1
299224,1
299226,1
299228,1
299230,1
299232,1
299234,1
299236,1
299241,2
299244,1
299245,1
299247,1
299249,2
299252,1
299253,1
299255,2
299257,3
299259,1
299271,1
299272,1
299274,1
299276,2
299278,1
299280,1
299283,1
299284,1
299286,1
299288,1
299290,1
299292,1
299294,1
299296,3
299298,3
299301,3
299303,2
299304,2
299323,2
299324,1
299327,1
299330,2
299333,2
299338,2
299340,2
299343,2
299344,1
299354,2
299365,1
299374,1
300246,1
300250,3
300252,1
300256,1
300258,1
300264,1
300266,3
300270,1
300273,1
300274,2
300275,1
300278,1
300280,3
300282,3
300286,1
300287,1
300289,1
300291,1
300293,2
300295,1
300297,4
300298,1
300300,1
300302,2
300493,1
300496,1
300508,1
300511,1
300513,1
300515,3
300938,2
300940,1
300942,1
300946,1
300948,1
300950,1
300952,2
300955,1
300956,1
300958,1
300960,1
300962,2
305405,1
305407,1
305408,1
305417,2
305422,2
305428,1
305433,1
305435,1
305437,1
305440,1
305443,1
305446,1
305449,1
305453,1
305457,1
305464,1
305466,1
305468,1
305470,1
305472,2
305474,1
305476,1
305480,2
305482,1
305484,1
305486,1
305489,1
305493,3
305498,1
305501,1
305503,1
305506,1
305509,1
305512,2
305515,1
305517,2
305519,1
305521,1
305523,1
305525,1
305527,1
305529,1
305531,3
305533,1
305535,2
305537,1
305539,1
305601,1
305603,1
305605,1
305607,1
305612,1
305613,2
305615,1
305621,1
306699,1
306701,1
306703,1
306705,1
306707,1
306709,1
306711,1
306713,1
306715,1
306717,1
306719,1
306721,3
306740,1
306746,1
306751,1
306753,1
306756,2
306758,1
306760,1
306762,1
306764,2
306767,2
306768,1
306770,1
308045,1
308047,1
308049,1
308051,1
308053,1
308055,1
308057,1
308059,1
308061,1
308063,1
308065,1
308067,1
308069,1
308071,1
308074,2
308076,1
308078,1
308080,1
308082,2
308084,1
308086,2
308088,1
308090,1
308092,1
308094,1
308096,4
308098,1
308100,2
308102,1
308104,1
308106,1
308108,1
308110,1
308112,4
308114,1
308116,1
312636,1
312638,1
312640,1
312646,1
312648,1
312651,2
312653,1
312655,2
312658,1
312660,1
312665,2
312667,1
312672,1
312674,1
312676,1
312678,1
312680,1
312686,2
312688,1
312690,1
312692,1
312694,1
312696,1
312698,1
312701,1
312705,1
312708,2
312727,1
312736,2
312749,1
312757,3
312759,1
312761,1
312764,2
312766,1
312773,1
312775,1
312777,2
312783,1
312785,1
312787,2
312789,1
312792,1
312794,1
312796,1
312798,1
312800,1
312805,1
312829,1
312836,1
312838,1
312840,2
312842,1
312843,3
312845,1
312847,1
312849,1
312863,4
312864,1
312866,3
313578,1
313580,1
313582,1
313624,1
313626,1
313634,2
313644,1
313645,1
313647,1
313649,1
313662,3
313665,1
313667,1
313669,1
313674,1
313676,1
313686,1
313702,1
314439,1
314441,2
314443,1
314445,1
314447,2
314449,1
314451,1
314462,2
314464,2
314466,1
314468,3
314471,1
314473,1
314477,1
314478,1
314480,1
314482,1
314484,1
314486,1
314488,2
314490,1
314492,1
314494,1
314506,1
314508,3
314510,1
314512,1
314514,1
314516,1
314518,1
314520,1
314522,1
314524,2
314526,1
314528,1
314530,1
314532,1
314534,1
314536,1
314538,1
314540,1
314542,1
314546,1
314547,1
314549,1
314551,1
314553,1
314555,2
314559,1
314561,1
315318,1
315320,1
315322,1
315324,1
315326,1
315328,1
315330,1
315332,1
315334,1
315336,1
315338,1
315340,1
315342,1
315344,3
315351,1
315356,2
315358,1
315360,1
315362,1
315364,1
315366,1
315368,1
315370,2
31863,1
31885,2
31906,1
31915,2
31928,1
31933,1
31942,1
31970,1
31979,1
319849,3
31992,1
31996,1
32003,2
32013,2
32020,2
321232,1
321252,1
321254,1
321255,3
321257,1
321259,2
321262,1
321264,1
321266,1
321288,1
321304,1
321308,1
321310,1
321312,2
321314,1
321316,1
321318,1
321324,1
321329,2
321350,2
321354,1
321356,1
321358,1
321360,1
321362,1
321364,2
321447,1
321449,2
321451,1
321453,1
321455,2
321457,2
321460,1
321462,2
321464,1
321466,1
321468,1
321470,1
321472,1
321474,1
321480,1
321482,2
322256,1
322258,1
322260,2
322262,1
322279,1
322286,1
322288,1
322290,2
322292,1
322294,2
322296,1
322298,2
322300,1
322301,1
322303,1
322305,1
322308,1
322309,1
322311,1
322313,1
322315,1
322317,1
322319,1
322321,1
322323,1
322325,1
322327,1
322329,1
322334,2
322335,1
322337,1
322339,1
322341,1
322343,2
322345,1
322357,1
322359,1
32237,2
322396,1
322398,1
322400,1
322402,1
322407,1
322418,4
322420,1
322424,1
322453,1
322455,1
322457,1
322459,3
322461,1
322463,1
322466,1
322467,1
322469,1
32246,1
322471,2
322473,1
322475,1
322517,2
322519,1
322521,1
322523,1
322525,2
322527,2
322529,1
322531,3
322550,1
322552,1
322556,1
322573,2
322596,1
322606,1
322615,1
322625,1
322637,1
322644,1
322646,1
32264,1
322652,1
322665,4
322667,1
32270,2
322881,1
322892,1
322894,2
322896,1
322898,1
322900,1
322902,2
322904,1
322906,1
322913,1
322915,2
322917,2
322919,4
322922,1
322924,3
322926,2
322928,1
322930,2
322932,1
322939,1
322941,2
322943,1
322945,1
322947,3
322949,1
322951,1
322953,1
322955,1
322957,1
322959,2
322961,1
322963,1
322972,1
322979,1
322981,2
322990,2
322998,1
323000,1
323002,1
32301,1
323026,4
32306,1
323256,2
32332,1
32389,1
32409,1
324457,4
32644,1
326474,3
326484,1
326503,1
326506,1
326508,1
326520,1
326522,1
326524,3
326526,1
326529,1
326532,1
326534,1
326536,2
326538,1
32653,2
326540,3
326547,1
326549,3
326551,1
326553,1
326555,1
326558,1
326571,2
326574,2
326580,2
326584,2
326588,1
326594,1
326600,1
326606,1
326612,2
326626,1
326634,2
326636,1
326638,1
326640,1
326642,2
326657,3
326661,2
32667,2
32672,1
32681,1
327035,1
327041,1
327046,1
327057,2
327080,1
327085,1
327093,1
32855,1
32875,1
32891,1
32899,1
33025,1
33034,1
33049,2
33066,1
33074,1
33079,1
33086,1
33089,1
33094,1
33105,1
33109,2
33121,1
331714,1
331729,3
331749,1
331791,1
331804,1
331818,1
331849,1
331851,1
331853,2
331855,1
331857,1
331859,1
331861,1
332411,1
332496,1
33396,2
33397,2
334044,3
334082,1
334091,2
334093,1
334097,1
334099,1
334101,1
334103,1
334105,1
334115,1
334118,1
334124,1
334126,1
334129,1
334138,1
334146,1
334154,1
334157,1
334159,1
334161,1
334163,1
334165,1
334167,1
334169,1
334171,1
334174,1
334176,1
334178,1
334180,1
334182,1
334184,1
334186,1
33428,4
33433,1
33437,1
33444,1
334480,1
334496,2
334501,2
334521,2
334528,1
33452,1
334533,2
33457,1
33461,1
33465,1
33469,1
33476,2
33480,3
33489,2
33493,1
335382,1
335384,1
335386,1
335388,1
335390,1
335392,4
335394,4
335396,1
335406,1
335414,2
335416,1
335418,1
335420,1
335422,1
335424,1
335426,1
335428,1
335435,2
335917,2
335919,1
335921,1
335923,1
335925,1
335927,1
335929,1
335931,2
335933,1
335936,2
335938,1
335942,1
335944,1
335946,1
335948,1
335966,1
335975,1
33599,1
33644,2
33692,4
337427,1
337429,1
337431,1
337433,2
337435,1
337437,1
337439,1
337441,4
337444,
337447,
337449,
337451,
337453,
337456,
337463,
337465,
337467,
337493,
337495,
337497,
337499,
337501,
337503,
337505,
337512,
337515,
337517,
337519,
337521,
337523,
337525,
337527,
337529,
337536,
337538,
337551,
337552,
337554,
337565,
337570,
337588,
337589,
33779,
33799,
338582,
338584,
338586,
338588,
338590,
338592,
338594,
338596,
338598,
338600,
338602,
338606,
338608,1
338610,3
338616,1
338624,1
338636,1
338638,2
338640,1
338642,2
338644,1
338648,1
338650,1
338652,1
338654,1
338658,1
338660,1
338662,1
338671,2
338675,1
338691,1
338695,1
338697,1
338699,1
338713,1
338715,1
338717,1
338720,1
338755,1
338759,1
338761,1
338763,1
339147,2
339149,1
339151,1
339153,1
339155,2
339157,2
339171,1
339177,2
339179,2
339181,1
339183,1
339185,3
339187,5
339188,1
340468,1
340474,1
340476,2
340478,2
340480,1
340482,2
340484,1
340486,2
340488,1
340494,1
340496,2
340498,1
340500,2
340502,1
340504,2
340506,1
340508,2
340510,2
340512,1
340514,1
340516,1
340518,1
340522,2
340523,1
340525,1
340527,1
340529,1
340531,1
340533,2
340535,2
340537,1
340539,1
340541,2
340543,1
340545,1
340551,2
340553,1
340555,2
340557,2
340563,1
340565,1
340567,1
340569,1
340571,1
340573,1
340575,2
340857,1
340876,2
340883,1
340885,1
340892,1
340894,3
340903,1
340909,1
340915,2
340917,1
340919,1
340921,3
340924,1
340931,1
34105,1
34123,1
34141,3
34150,1
34159,1
34181,1
34204,1
34226,1
34231,2
342384,1
342390,1
342392,1
342406,1
34240,2
342416,2
342418,1
342420,1
342422,1
342428,1
342430,1
342433,1
342443,1
342449,1
342451,1
342471,1
342473,1
342488,2
342489,1
342491,2
342493,1
342495,1
342502,1
342504,2
342508,3
342510,1
342512,2
342516,1
342524,1
342526,1
342528,1
342548,1
342562,1
342593,1
342605,2
342607,1
342620,2
342630,1
34353,1
34362,3
34384,1
34393,1
34398,2
34407,1
34443,1
34452,2
34458,1
34471,1
34488,1
34495,2
34502,1
34509,2
34519,1
34524,1
34531,1
34537,4
34549,1
34570,1
34578,1
34586,1
34594,2
34607,1
34621,1
34672,1
34680,1
34693,1
34698,1
34707,1
34720,2
34725,1
34734,1
34747,1
34752,1
348882,2
348884,4
348887,2
348889,1
348891,2
348895,1
349226,1
349228,1
349230,1
349232,2
349246,1
349248,1
349250,1
349252,1
349254,1
349256,1
349258,2
349261,2
349263,1
349265,1
349267,1
349273,1
349288,1
349290,1
349292,1
349294,3
349296,1
349298,1
349300,1
349302,2
349304,1
349307,1
349333,1
349335,1
349337,1
349339,2
349341,1
349345,1
349347,1
349349,1
349351,1
349357,1
349359,1
349361,1
349363,1
349365,1
349367,2
349369,1
349371,1
349373,1
349375,1
349377,3
349516,1
349518,5
349521,1
349522,1
349525,1
349527,1
349529,1
349531,1
349533,1
349535,2
349537,1
349539,1
349541,2
349543,1
349545,1
349548,1
349550,3
349552,1
349554,1
349556,1
349558,1
349560,1
349575,1
349577,1
349579,1
349581,2
349583,1
349585,1
349587,1
349589,1
349591,3
349593,1
349595,2
349597,1
349599,3
349601,1
349605,1
349621,1
349623,1
349625,1
349627,1
349629,1
349631,1
349633,1
349635,1
349637,1
349639,1
349641,1
349643,1
349645,1
349694,1
349696,1
349698,1
349700,1
349702,1
349704,2
349707,1
349709,1
349711,1
349714,2
349716,1
349719,1
349721,2
349724,1
349725,1
349730,1
349785,1
349787,1
349789,2
349791,1
349793,1
349800,1
349802,2
349804,1
349820,1
349822,1
349824,2
349862,2
349864,1
349866,1
349870,1
349887,1
349888,1
349890,1
349899,1
349912,1
349914,1
349916,1
350234,2
350237,1
350241,1
350242,2
350247,1
350249,3
350252,1
350259,1
350266,1
350327,1
350342,1
350351,2
350353,3
350356,1
350358,2
350360,1
350362,1
350364,1
350366,1
350369,3
350382,2
350384,1
350386,1
350442,1
350445,1
350447,2
350449,2
350461,1
350465,1
350477,2
350481,2
350483,2
350486,1
350488,1
350490,2
350499,1
350505,1
350508,1
350510,2
350682,1
350684,1
350686,1
350688,1
350690,1
350692,1
350694,3
350696,2
350705,1
350715,1
350717,1
350718,4
350720,2
350722,1
350724,1
350726,2
350728,1
350731,4
350739,1
350746,1
350748,1
350750,1
351339,1
351341,2
351344,1
351346,1
351348,2
351350,2
351353,2
351355,1
351367,1
351370,1
351372,1
351374,2
351376,1
351378,4
351380,2
351384,1
351387,1
351390,1
351395,1
351398,1
351400,1
351436,1
351438,1
351440,1
351442,1
351515,2
351517,2
351519,2
351533,1
351536,1
351538,1
351540,1
351542,2
351544,1
351548,1
351550,1
351552,2
351960,1
351962,1
351964,2
351967,1
351969,2
351971,1
351973,2
351975,1
351978,3
351980,2
351982,2
351984,1
351986,1
351988,1
351990,1
351993,1
351995,1
351997,2
351999,1
352001,1
352003,1
352005,2
352008,1
352010,2
352012,1
352014,1
353184,1
353186,1
353188,1
353869,1
353875,1
353877,1
353879,1
353881,2
353883,1
353885,2
353893,1
35475,2
35486,2
35499,2
35504,2
35513,2
35569,2
35576,2
355898,1
355900,1
35591,1
35629,2
35647,3
35666,2
35671,3
35725,1
357677,1
357679,2
357681,3
357688,1
357690,1
357692,1
357695,1
357702,1
357704,1
357713,2
357716,1
357718,1
357726,4
357727,1
357730,1
357731,1
357739,1
35773,1
357740,2
357743,1
357745,1
357752,1
357753,1
357757,4
357762,1
357766,1
357769,2
357771,3
357773,1
357785,1
357854,2
357856,1
357862,1
357864,3
357870,4
357883,1
357885,1
357887,1
357889,1
357892,1
357894,1
357897,1
357906,2
357912,1
357918,2
357950,1
357952,1
357954,1
357958,1
357960,1
357962,1
357964,1
35799,1
358022,1
358024,1
358026,1
358028,3
358030,1
358032,4
358034,2
358041,4
358043,1
358046,1
358048,2
358062,1
358064,1
358066,1
358068,1
358070,5
358073,5
358077,1
358079,2
358082,1
358084,1
358086,1
358088,2
358090,2
358092,2
358094,2
358179,2
358181,2
358183,1
358185,3
358187,2
358190,1
358192,2
358194,2
358196,1
358198,2
35819,1
358208,2
358210,1
358212,1
358226,1
358232,1
358243,2
358248,2
358255,2
358257,1
35825,2
358266,1
358268,1
358270,1
358292,1
358294,1
358310,1
358316,2
35833,1
358345,1
358347,1
358349,1
358351,3
358353,1
358355,2
358365,2
358367,1
358369,1
358371,1
358373,2
358376,1
358387,1
358410,1
358417,1
35841,2
358477,1
358487,1
358489,1
358491,1
358495,2
35849,1
358503,3
358505,1
358507,3
358509,1
358511,4
362848,1
362850,1
362852,3
362854,1
362856,1
362858,2
362859,1
362861,1
362863,1
362865,1
362868,1
362870,1
362872,3
362874,1
362876,1
362878,1
362880,1
362882,1
362895,2
362900,2
362902,3
362904,2
362906,3
362908,1
362911,1
362924,2
362927,1
362929,1
362933,1
362945,1
362949,1
362955,1
362957,2
362959,1
362961,1
362963,1
362966,2
362967,1
362969,1
362971,2
362973,2
362975,1
362977,1
362979,1
362981,1
362985,1
362987,1
362989,1
362991,1
363022,2
363024,2
363026,1
363028,1
363030,1
363032,1
363034,1
363036,1
363043,3
363046,3
363047,2
363049,1
363051,2
363053,1
363203,1
363205,2
363207,1
363209,2
363211,1
363213,1
363215,1
363217,1
363219,1
363221,1
363223,1
363225,1
363227,2
363229,1
363231,1
363233,1
363235,1
363266,1
363268,1
363270,1
363272,1
363274,1
363276,1
363278,1
363282,2
363284,1
363286,1
363288,1
363292,1
363302,4
363304,1
363325,1
363327,1
363329,2
363331,1
363334,1
363336,1
363338,1
363340,1
363360,1
363362,1
363365,1
363367,1
363369,1
363371,1
363485,1
363488,1
364636,1
364638,2
364641,4
364642,1
364658,1
364660,1
364662,4
364665,1
364667,4
364669,1
364673,1
36540,3
36559,2
36589,1
368956,1
368966,3
368978,2
368979,2
368981,1
369034,1
369038,1
36903,1
369040,1
369052,1
369054,3
369055,2
369066,2
369079,2
369091,3
369105,1
36914,1
369168,1
369173,1
369179,2
369181,1
369193,1
369196,1
369202,3
369209,1
369214,1
369218,2
36924,1
369366,1
369368,1
369370,2
369372,1
369379,1
369381,1
369384,1
369385,1
36938,1
369482,1
369484,4
369485,1
369493,1
369496,1
369498,1
36949,2
369508,2
369510,2
36959,1
369602,1
369604,4
369606,4
369608,2
369610,1
369612,2
369614,1
369643,1
369645,1
369647,2
369665,1
369667,3
369694,5
369695,1
369697,1
369699,1
36969,1
369701,1
369711,1
369712,1
369714,1
369717,1
369719,1
36979,1
36993,1
369969,1
369989,1
369994,1
369997,1
36999,1
370009,1
370011,1
370013,1
370015,1
370017,1
370024,1
370026,1
370028,1
370030,1
370059,3
370062,1
370064,1
370067,1
370069,1
370071,2
370073,1
370075,1
370083,1
370172,2
370179,2
370198,2
370203,2
370220,1
370231,1
370242,1
370255,1
370631,1
370666,1
370676,1
370699,1
370720,1
370737,1
371216,1
371235,2
371236,1
371240,1
371242,1
371245,1
371246,1
371250,1
371347,1
371366,2
371403,1
371416,1
371434,3
371441,4
371443,1
371445,1
371447,2
371568,1
371569,1
371571,1
371573,1
371587,2
371602,2
371603,1
371622,1
371624,1
371626,1
371629,1
371631,1
371678,1
371694,1
371706,1
371708,1
371723,1
371726,1
371729,1
371731,1
371733,1
371735,1
371737,3
371739,1
371814,1
371815,1
371817,1
371819,1
371821,1
371823,1
371825,1
371827,1
371897,3
371899,1
371901,1
371903,1
371905,4
371957,2
371978,3
371984,1
371986,1
371988,4
372031,3
372033,1
372035,2
372037,1
373096,1
373105,1
373113,2
373133,1
373191,2
373192,1
373201,1
373205,4
373219,1
374462,1
374465,1
374467,1
374470,1
374488,2
374491,1
374493,4
374495,2
374497,1
374561,1
374563,1
374592,1
374608,2
374610,1
374612,2
374614,4
374616,2
374618,1
374621,2
374623,1
374625,2
374629,2
374641,1
374643,1
374660,1
374675,1
374695,1
374697,1
374699,2
374701,3
374705,1
374707,1
37548,2
37557,1
375627,1
375634,1
375636,2
375638,1
375646,1
375648,2
375650,4
375875,2
375898,2
375904,1
375913,1
375916,1
375918,1
375996,1
376824,4
376826,2
376829,1
376832,1
376834,1
376840,1
376856,1
376859,1
376863,1
376893,1
376896,1
376897,1
376898,1
376900,1
376902,2
376904,1
376906,1
376941,2
376946,1
376953,4
376955,1
376957,1
376986,1
376996,1
377002,2
377010,1
377012,1
377014,3
377016,2
377018,4
377020,2
377022,1
377024,1
377026,1
377041,2
377042,1
377044,1
377046,1
377048,1
377050,1
377052,2
377071,1
377075,3
377076,2
377079,1
377081,2
377083,1
377085,1
377153,1
377159,1
377161,1
377163,1
377165,1
377166,2
377168,1
377185,1
377187,1
377189,1
377191,1
377193,2
377195,1
377197,1
377199,1
377201,3
377203,1
377473,1
377475,2
377477,2
377480,2
377481,1
377484,1
377485,1
377488,2
377490,1
377740,1
377751,1
377757,1
377759,1
377761,2
377764,1
377766,1
377879,1
377881,1
377883,2
377885,2
377887,1
377889,2
377928,2
378444,1
378446,1
378450,1
378452,3
378454,1
378952,
378954,
379048,
379070,
379077,
379079,
379542,
379544,
379546,
379548,
379550,
379928,
379930,
379932,
379934,
379936,
379938,
379940,
379942,
379955,
379959,
379962,
379963,
379965,
379967,
379969,
382247,
382249,
382251,
382254,
382256,
382258,
382260,
382262,
382264,
382266,
382268,
382270,
382272,
382274,
384088,
384090,
384092,
384094,1
384096,4
384098,1
384777,1
384779,1
384794,1
384796,1
384798,1
384800,2
384802,1
384804,1
384806,1
384808,1
384821,1
384823,3
384825,1
384826,1
384829,3
384831,1
384833,1
385960,1
38652,1
38661,1
38670,1
38726,1
38770,2
38785,1
387866,1
387868,4
387870,1
387873,1
387895,1
388019,1
388021,1
388023,1
388025,1
388027,1
388029,1
388031,2
388033,1
388035,1
388240,1
388246,1
38827,1
388306,1
388308,1
388311,1
388313,1
388315,1
388351,1
388376,1
388382,1
388400,1
388402,4
388404,1
388406,1
388409,2
388411,1
388413,1
388415,2
388417,1
388424,1
388426,1
388428,2
388431,1
388433,1
388435,1
388437,1
388439,1
388443,1
388445,1
388447,1
388449,1
388453,2
388454,2
388456,1
388458,1
388460,1
388462,1
388464,1
388466,1
388475,1
388526,1
388531,1
388542,1
388558,1
388564,1
388575,2
388591,1
388597,1
388618,1
38861,1
388815,1
388817,5
388824,1
388826,1
388832,2
388834,1
388836,1
388911,1
388913,2
388919,1
388921,1
388923,3
388925,4
388927,1
388929,2
388931,1
389134,2
389136,1
389141,1
389143,1
389145,1
389147,1
389149,1
389151,2
389153,2
389155,1
389157,1
389159,1
389161,1
389163,1
389165,2
389167,1
389169,1
389171,1
389173,1
389175,1
389177,1
389179,2
38918,1
38926,1
38944,1
38964,1
389931,1
389938,1
389940,1
389942,5
389943,1
389945,1
389947,4
39005,2
39028,3
39054,3
391059,1
391062,1
391064,1
391066,2
391070,2
391086,5
391088,1
39108,1
391090,2
391092,1
391094,1
391097,1
391098,1
391100,1
391102,1
391119,1
391121,1
391123,1
391125,2
39112,2
39117,1
39122,1
39132,2
39137,3
39142,2
39147,2
39152,2
39157,2
39171,1
39185,1
39190,2
392127,3
392129,1
392131,1
392132,1
392135,4
392137,2
392139,1
392141,1
392143,1
392145,1
392147,1
392149,1
392151,1
392153,2
392155,1
392157,1
392159,5
392161,1
392163,1
392165,1
392270,1
392272,1
392288,1
392323,1
392325,1
392327,1
392329,1
392331,1
392333,1
392353,3
392366,1
392414,1
392416,1
392418,1
392420,1
392422,1
392424,1
392426,1
392428,1
392430,1
39275,2
393650,3
393658,1
39460,2
39468,2
394745,1
394747,1
394749,1
394752,1
394754,1
394756,1
394758,1
394760,1
394762,1
394764,1
394766,1
394768,1
394769,1
394771,2
394772,2
394777,2
394795,1
394798,1
394812,1
394814,1
394817,2
39486,1
395048,1
39506,1
395090,1
395167,1
39519,1
39533,2
39542,1
39569,1
39583,1
39596,2
39614,1
39620,1
39629,3
396354,1
39647,1
39660,2
39665,1
39674,1
39683,2
39692,1
39701,1
398090,1
398092,1
398094,1
398096,2
398103,1
398108,2
39810,2
398110,2
398112,1
398114,2
398115,1
398117,1
398120,4
398122,4
398124,1
398126,2
398128,3
398130,1
398133,2
398135,1
398137,1
398139,1
398141,1
398143,2
398145,2
398147,1
398149,1
398167,1
398169,2
398171,1
398173,1
398175,1
398177,1
398179,1
39817,1
398183,2
398185,1
398187,2
398189,1
398191,3
398193,1
398195,1
398197,1
398199,1
398201,1
398203,1
398205,1
398207,1
398209,1
39824,1
398259,3
398261,1
398263,2
398265,3
398267,1
398269,2
398271,1
398276,2
398279,3
398281,1
398283,2
398311,1
398313,1
398315,2
398317,1
398319,1
398321,1
398323,3
398325,2
398327,1
398329,1
398331,2
398333,2
398335,1
398337,1
398339,1
398341,1
398343,1
398345,1
398347,1
398350,2
398352,1
398354,1
398356,1
398358,1
39836,2
398370,1
398372,1
398374,1
398376,5
398378,1
398380,1
398384,1
398386,1
398388,1
398390,1
398392,1
398394,1
398396,1
398398,2
398400,1
398407,1
398409,2
39845,1
39850,1
39859,1
399075,1
399861,1
399863,1
399865,1
399867,1
399885,1
399888,1
399890,1
399892,1
399894,1
399896,1
399898,1
399900,1
399902,1
399904,1
399906,2
40037,1
400447,1
40046,1
400479,4
400481,1
400483,1
400486,1
400487,1
400490,1
400491,1
400493,1
400495,1
400498,1
40055,2
400993,1
400994,2
400995,2
400998,1
401001,1
401002,1
401945,1
401947,2
401949,1
401951,1
401981,1
401983,1
401985,1
402001,1
402020,1
402024,1
402026,2
402028,1
402030,5
402032,1
402034,1
402036,1
402038,1
402040,1
402042,1
402044,1
402046,1
402048,1
402050,1
40292,3
40303,3
403730,1
403733,1
403735,1
403737,1
403739,3
403741,1
403745,1
403747,1
403749,1
403751,1
403754,2
403757,1
403759,1
403763,1
403764,1
403766,1
403768,1
40419,1
404285,1
404304,1
404311,1
404313,1
404321,3
404324,1
40433,3
40763,1
40772,2
40781,2
40794,1
40799,2
40817,1
408314,2
40831,1
408327,1
408336,2
408341,2
408343,1
408345,1
408347,1
408389,2
40845,1
40858,1
40863,1
411287,1
411293,1
411309,2
411316,2
411317,1
411320,1
411322,1
411325,1
411327,1
411334,2
411336,1
411351,1
411353,1
411357,1
411360,1
411362,1
412262,1
412276,1
412286,1
412307,1
412309,1
412390,2
412392,1
412921,1
412936,1
412938,1
412940,1
412942,2
412944,1
412946,1
413081,4
413083,1
413085,2
413087,2
413089,1
413091,2
413093,1
413095,1
413097,2
413101,1
414365,4
414367,1
414369,3
414371,2
414375,1
414377,1
414448,1
414450,1
414452,1
414454,5
414456,1
414458,4
414460,2
414462,2
414466,2
414488,1
414490,1
414492,1
414525,2
414527,1
414529,1
414531,3
414563,1
414565,1
414567,2
414569,1
414571,1
414573,1
414575,1
414584,4
414585,1
414602,2
414605,2
415579,1
415581,2
415789,1
415791,2
415794,2
415795,2
415797,2
415799,1
415802,1
415803,1
415805,1
415814,1
415816,2
415825,2
415829,3
415832,1
415834,1
415836,1
415838,1
415840,2
415842,1
415844,1
415846,1
415848,1
415850,2
415852,1
415854,1
415949,1
415951,4
415975,1
415984,3
415994,1
416001,1
416003,1
416005,1
416007,1
416009,1
416013,1
416015,3
416017,1
416019,3
416021,1
416022,1
416024,1
416026,1
416028,1
416030,1
416032,1
416034,4
416035,1
416037,1
416041,1
416054,1
416056,1
416058,1
416065,1
416067,3
416069,1
416071,4
416073,1
416075,1
416077,1
416079,1
416082,1
416084,1
416086,1
416088,2
416090,1
416092,5
416094,1
416096,1
416098,1
416100,1
416102,3
416104,1
416106,1
416108,1
417064,1
417072,2
417074,1
417075,1
417077,1
417079,1
417081,1
417083,4
417086,1
417088,2
417090,1
417092,1
417095,1
417097,2
417099,1
417102,2
417104,2
417106,1
417108,1
418550,1
418552,1
418704,1
418714,1
418721,2
418775,1
418777,1
418779,1
418781,1
418785,1
418787,2
418789,3
418791,1
418793,2
418795,2
418841,1
418843,1
418845,2
418847,1
418849,1
418851,1
418853,3
418855,2
419623,1
420254,1
420257,1
420259,1
420261,1
420263,1
420265,1
420267,1
420269,1
420283,1
420285,1
420287,3
421239,1
421241,1
421245,1
421248,1
421251,5
421253,1
421255,1
421257,4
421259,1
421261,1
421263,1
421265,1
421268,1
421270,1
421272,1
421275,3
421278,1
421282,2
421284,1
421286,1
42249,1
422842,1
422844,1
422846,1
422849,1
422851,1
42292,2
42357,1
42375,1
423834,1
423836,1
423839,4
423841,2
423843,3
423845,2
423847,1
423849,2
423851,2
423853,1
423855,2
423861,1
423863,1
423865,1
423867,1
423871,1
423872,1
423874,1
423876,1
424044,3
424046,1
424049,2
424051,1
424053,1
424055,2
42468,1
424729,1
424731,2
424733,2
424735,1
424737,1
424739,4
424741,1
424743,1
424745,1
424747,2
424749,1
424751,2
424753,2
424755,3
42481,1
42493,1
424958,2
424960,1
424962,1
424964,1
424966,1
424968,1
42509,1
425931,1
425933,1
425935,2
425937,1
425939,1
42772,1
427832,2
427834,1
427836,2
427838,2
427840,1
427842,1
42785,1
427957,2
427959,1
427961,2
427963,1
427965,2
427967,2
427969,2
427971,1
427973,2
427975,2
427977,1
427980,1
427982,1
42832,1
42844,2
42985,1
42992,2
43001,1
43009,1
43022,1
430239,3
430241,1
430243,3
430245,1
430247,1
430249,1
43035,1
43048,2
43060,2
43071,2
430883,1
430885,1
430887,1
430889,1
430891,1
430893,1
430895,2
430896,1
431478,5
431480,1
431482,1
431484,1
431486,1
431490,1
431624,1
431626,1
431629,1
431631,4
431633,1
431635,1
431637,4
431639,1
431641,1
431643,1
431646,1
431648,1
431650,3
431653,2
431677,1
431679,1
431681,1
431682,1
431684,1
431686,4
431691,1
431692,1
431706,2
431719,2
431721,1
431723,1
431725,1
431727,1
431729,1
431747,1
431749,1
431751,2
431753,1
431755,1
431759,3
431761,1
431775,1
431777,1
431779,1
431781,1
431800,2
431802,1
431805,1
431807,1
431809,1
431811,1
431813,2
431815,3
431817,1
431819,1
431820,1
431823,1
431824,1
431839,2
431841,4
431843,3
431845,1
431847,4
431849,1
431851,1
431853,2
431855,1
431857,1
431859,1
431861,1
431863,1
432130,1
432180,1
432182,4
432183,3
432185,1
432189,2
432191,1
432193,2
432195,1
432197,1
432199,1
432201,1
432422,1
432423,1
432425,1
432426,1
432428,1
432430,1
432433,2
432435,4
432437,2
432439,1
432441,1
432444,3
432446,2
432448,1
432449,1
432451,1
432453,1
432455,1
432704,4
432706,4
432708,1
432711,1
432713,1
432731,1
432733,1
432735,1
432737,1
432739,2
432741,1
432743,1
432745,1
432747,1
432749,2
432751,1
432753,1
432755,1
432757,1
432759,1
432761,2
432763,2
432765,1
432767,2
432769,4
432771,1
432773,2
432775,4
432777,1
432779,1
432781,2
432783,2
432785,1
432787,2
432789,2
432790,4
432792,1
432794,2
432796,1
432798,1
432825,1
432827,1
432829,1
432831,1
432833,1
432835,1
432837,3
432839,4
432841,4
432843,1
432845,1
432847,1
432849,2
432851,1
432853,5
432855,1
432857,3
432859,1
432861,1
432867,2
432869,1
432871,1
432873,1
432875,3
432877,3
432879,2
432881,4
432883,1
432901,1
432903,2
432904,1
432906,1
432908,1
432910,1
432914,2
432916,4
432918,1
432920,2
432954,1
432956,1
432958,1
434251,1
434253,1
434255,1
434257,1
434261,1
434263,2
434285,1
434293,2
434932,1
434934,3
435932,4
435936,3
436803,2
436805,1
436813,3
436815,6
436816,1
436817,1
436819,3
436822,1
436823,1
436840,1
436842,1
437408,2
437687,1
437694,1
437705,1
438118,2
438131,4
439312,1
439314,4
439316,2
439318,2
439320,1
439322,2
439326,2
439328,2
439330,2
439365,1
439902,1
439904,1
440493,2
440495,2
440497,1
440499,1
440501,3
440504,1
440505,1
440930,1
440932,1
440934,2
442448,1
442451,1
442453,2
442455,1
442457,3
442459,1
443077,2
443080,1
443315,1
443319,3
443322,4
444081,1
444085,1
444089,1
446704,1
446711,1
448284,2
448286,1
448288,3
448290,4
448292,2
448294,1
448296,5
448973,2
451331,3
451332,1
451334,2
451336,1
451338,1
451340,1
451342,1
451344,3
451346,1
451350,3
451352,1
451354,1
451356,2
451358,4
451360,1
451362,2
451364,2
451366,1
451368,1
451370,1
451372,2
45166,1
45183,1
45192,1
45213,1
45726,1
45731,3
45740,2
45872,1
45881,2
45894,1
45910,1
45920,4
45933,1
45943,2
461137,1
461140,1
461142,1
461144,1
461147,2
46384,1
46608,1
466131,2
466133,1
466136,1
466137,2
466139,1
466141,1
466143,2
466145,1
466147,1
466149,3
466151,1
466153,1
466157,1
466159,1
46615,2
466161,1
466163,1
466165,1
466169,1
466170,1
46622,1
46629,2
46647,2
46655,1
46668,2
467240,1
467242,4
468854,1
468856,1
468858,1
468860,2
468862,3
468864,1
468866,4
47023,1
47036,2
470395,1
470397,1
470399,2
470401,1
470403,1
470407,1
470409,1
470413,1
47047,1
47071,1
47091,1
47100,2
47115,1
47149,3
47159,2
47168,1
47204,1
47210,1
47223,1
47228,2
47278,2
47291,1
47295,2
47306,2
47314,2
474190,2
474192,2
474208,3
474214,1
474216,1
474218,1
474220,1
474222,1
474224,1
474226,2
474228,1
474230,1
474232,2
474235,1
474236,2
474870,1
47514,2
47574,1
47703,2
47716,1
477204,1
477206,1
477210,3
477222,1
477224,1
477226,1
477228,1
47722,1
477230,1
477232,1
477234,1
47732,2
47744,2
47748,2
47765,1
47870,2
47884,1
47889,1
47898,2
47907,1
47917,2
47926,1
47935,1
47944,1
47953,2
47966,2
47984,1
47997,1
48002,1
48011,1
48020,1
480263,2
480265,1
48029,3
48038,1
48047,2
48563,1
48581,2
48590,2
48599,1
48608,1
48867,1
488703,1
488705,1
488707,2
488737,1
488738,1
488742,1
488745,2
488748,1
488752,2
488755,1
488765,1
488785,1
488787,1
488790,1
488792,1
488802,2
48880,3
488820,1
48890,2
48923,1
48932,1
48941,1
48954,1
48959,1
48976,4
48981,1
48992,1
48996,1
492184,1
492186,2
494156,1
494158,2
494160,1
494162,2
494164,1
494166,1
494168,1
494170,3
49487,1
49490,2
49510,1
49527,3
49539,2
49666,1
49727,2
49735,4
49748,1
49757,2
49768,2
49776,2
498002,2
498004,1
498006,1
498008,4
498009,1
498011,2
498013,2
498015,1
498017,2
498019,1
498021,3
498024,2
498027,2
498046,2
498048,2
498050,3
498054,1
498056,1
498058,1
498060,1
498062,3
498064,2
498066,1
498068,4
498070,1
498075,1
498077,1
498079,1
498081,1
49897,1
49901,1
49910,1
500222,1
500224,1
500226,1
500228,1
500230,1
500232,3
500234,2
500236,1
500238,1
500240,1
500242,1
500244,1
500246,1
502081,1
502098,1
502102,2
502104,1
502107,4
502109,2
502126,1
502129,3
502131,1
503715,1
503718,1
503720,1
503722,1
503724,1
503736,1
503747,1
50426,2
50434,2
50443,1
50459,1
50468,3
50477,2
50487,2
50497,2
50506,2
50515,2
50524,2
50533,2
50557,2
50566,2
50575,3
50584,1
506271,2
506272,2
506273,2
506275,1
506277,2
506278,1
506279,3
506287,1
506290,1
506292,1
506293,1
506297,1
506299,2
506301,1
506302,2
506304,1
506317,1
506318,1
506320,1
506367,2
506368,1
510005,5
510014,1
510015,1
510016,1
510017,1
510018,1
510019,1
510048,1
510050,1
51138,1
51151,2
51160,3
51165,2
51183,2
51469,1
51485,2
51494,1
51515,1
51533,4
51542,4
51567,2
51588,2
51605,2
51629,1
517388,1
517389,1
51848,1
51863,1
52066,2
525918,2
525976,1
525980,1
52776,2
52781,1
52790,2
52799,1
52816,1
52821,1
52836,1
53390,1
53395,1
541293,1
544623,1
544624,1
544635,1
544642,3
544713,1
544715,2
544716,1
544717,3
544720,1
544721,1
544725,1
544726,2
544727,1
544728,1
544729,1
544730,4
544732,1
544733,2
544734,1
544738,1
544741,1
544743,1
544748,1
544749,2
544750,2
544751,1
544758,1
544759,1
544760,3
544761,1
54651,1
54665,2
54686,2
54731,2
54739,1
54752,2
54757,1
54780,1
54785,1
54799,1
55033,1
557504,2
557510,2
557511,1
557512,1
557513,2
557516,1
557517,1
557518,1
557520,2
557523,2
557527,1
557531,3
557532,3
557533,1
557534,1
557535,1
557536,1
557537,1
557539,2
557540,1
55930,1
55943,1
55948,1
55972,2
55999,2
56004,2
56013,1
56026,1
56031,1
56040,1
56319,2
570688,1
570692,3
570694,1
570695,1
570703,2
574597,1
58000,2
58011,1
58022,2
58038,1
58043,1
585820,1
59357,1
59366,1
59375,1
59391,2
59398,2
594041,1
59411,3
59429,1
59446,1
59456,3
59466,2
59475,2
59484,1
59493,1
59524,1
59533,3
59543,1
59552,3
59561,2
59575,1
59601,1
59610,1
59615,1
59637,2
59647,1
59652,3
59659,2
59666,2
59686,1
59690,1
59697,1
59704,1
59711,1
59718,2
59725,1
59735,1
59739,2
59746,2
59753,2
59763,1
59770,1
59777,2
59781,1
59788,2
59798,2
598175,1
598176,1
598178,1
598180,1
598181,2
598183,1
598184,1
598185,1
598186,1
598188,2
598189,1
59818,2
598207,1
598211,1
598212,1
598213,1
598229,1
59835,1
598368,1
598384,1
598404,1
598443,1
598466,1
598493,1
598496,2
59854,1
59863,1
59891,1
59896,2
59910,1
59950,2
599517,1
599527,1
599529,1
599532,1
599533,1
599534,1
59981,1
60003,1
60008,1
60030,1
60056,1
600624,1
60406,1
60417,1
60434,1
60443,2
60451,1
60456,1
60465,2
60478,3
60483,2
60594,1
60600,1
60609,1
60618,3
60664,1
60673,1
60682,1
60692,1
60702,2
60710,2
60719,2
60732,1
60741,2
60746,3
60760,1
62198,1
62205,1
62224,1
62234,1
62240,1
62282,1
62299,1
62319,2
62336,1
62341,3
62348,2
62353,1
62363,2
62368,2
62377,2
62395,2
62412,4
62561,2
62574,1
62579,1
62589,2
62599,2
62621,1
62636,1
62650,2
62656,2
62666,2
62680,2
62695,1
62702,1
62715,1
62908,2
62917,1
62924,2
62933,1
62943,2
62952,2
62965,1
62974,1
62984,1
62998,2
63008,2
63014,2
63023,1
63036,1
63041,2
63050,1
63104,2
63122,1
63135,1
63147,3
63155,1
63170,2
63176,2
63186,2
63196,2
63206,5
63227,2
63236,1
63297,2
63306,1
63374,2
63392,1
63397,1
63406,1
63415,2
63445,1
63468,2
63556,1
63574,2
63592,2
63601,3
63610,1
63619,2
63632,2
63637,1
63646,1
63716,2
63725,1
63738,2
63752,2
63757,2
63766,2
63775,2
63784,2
63793,2
63828,2
63838,2
63847,3
63865,1
63874,1
63879,2
63888,1
63897,1
64025,1
64037,2
64046,1
64109,2
64134,1
64143,1
64152,1
64179,1
64213,2
64218,2
64228,1
64242,2
64251,1
64260,2
64269,1
64278,2
64287,2
64296,2
64305,3
64314,2
64323,2
64341,1
64346,2
64356,2
64365,2
64374,2
64383,2
64435,2
64562,1
64575,2
64604,2
64609,4
64622,3
64631,1
64636,1
64649,2
64654,1
64663,1
64672,3
64699,1
64711,1
64741,2
64755,1
64764,2
64773,1
64782,1
64867,2
64876,2
64885,2
64898,2
649030,1
649033,3
64907,1
64912,1
64922,2
64938,1
64948,1
65013,1
65022,1
65034,1
65041,1
65055,3
65064,1
65077,1
65082,1
65091,2
65104,1
65109,2
65118,1
65130,2
65134,1
65148,1
65152,1
65167,2
65179,2
65187,1
65201,2
65220,1
65230,1
65239,1
65248,1
65257,1
65271,2
65280,2
65293,2
65298,1
65320,2
65334,1
65343,2
65356,2
65365,1
65383,1
65390,3
65401,1
65405,1
65424,1
65442,1
65451,1
65464,1
65469,1
65489,1
65498,1
65566,1
65611,2
65620,1
65636,1
65645,2
65667,1
65694,2
65707,1
65730,1
65739,1
65752,1
65757,1
65833,1
65846,2
65856,3
65883,1
65902,1
65908,1
65975,1
65980,1
65989,1
65999,1
66051,1
66069,2
66078,1
66087,1
66092,1
66106,1
66120,1
66131,1
66134,4
66141,1
66144,1
66176,4
66190,3
66199,2
66206,2
66213,1
66220,2
66230,2
66234,1
66241,1
66248,1
66255,1
66262,1
66310,2
66332,2
66418,1
66428,2
66436,1
66443,1
66462,1
66520,1
66536,2
66544,2
66556,1
66569,1
66574,1
66583,1
66592,1
66608,2
66617,1
66630,1
666338,1
666341,1
666345,1
66722,1
66731,1
66745,2
66759,1
66778,2
66792,1
66806,1
66815,1
66945,1
66950,2
66968,1
66997,1
67010,1
67015,1
67027,1
67066,1
67075,1
67088,1
67110,3
67128,1
67133,1
67152,3
67165,3
67201,4
67210,3
67223,1
67232,1
67244,5
67266,4
67275,1
67341,2
67358,1
67389,2
67423,2
67434,1
67441,1
67448,1
67457,1
67470,3
67489,1
67500,1
67509,1
67522,2
67668,1
67701,1
67715,1
67720,1
67729,1
67743,2
67756,2
67771,2
67871,2
67876,1
67909,1
67918,2
67941,2
67958,3
67969,1
67986,2
67997,2
68006,2
68032,3
68056,1
68067,1
68072,1
68082,2
68088,2
68107,1
68125,2
68134,2
68143,2
68153,1
68163,2
68176,1
68423,1
68448,2
68456,1
68467,1
68474,2
68504,1
68513,2
68522,1
68534,4
68538,1
68545,1
68554,1
68563,1
68572,1
68581,3
68590,2
68600,1
68613,1
68630,4
68652,2
68670,2
68679,1
68693,3
68702,2
68736,4
68769,2
68780,3
68788,1
68819,1
68849,1
68915,2
68951,2
68991,1
69007,1
69023,1
69039,3
69055,2
69086,2
69104,1
69113,1
69191,1
69211,2
69219,1
69242,1
69278,2
69289,3
69345,1
69363,1
69372,1
69381,1
69390,1
69400,1
69472,2
69492,1
69501,1
69515,1
69551,4
69569,1
69574,1
69587,2
69606,3
696382,3
696384,2
69643,3
69652,1
69661,1
69690,1
69699,1
69715,1
69724,1
69733,1
70648,2
70661,2
70667,1
70692,1
70705,1
70710,1
70717,1
70794,2
70807,2
70825,1
70830,1
70843,1
70867,2
70876,1
70885,2
70896,1
71280,1
71289,3
71325,1
71335,2
71361,3
71370,2
71386,1
71402,1
71412,2
71421,1
71434,2
71439,1
71454,1
71463,1
71473,1
71486,2
71491,2
71500,1
71512,1
71516,4
71527,3
71536,1
71549,1
71558,1
71571,2
71580,1
71588,1
71592,1
71599,2
71606,1
71615,1
71624,1
71633,1
71642,1
71651,2
71664,4
71669,1
71689,2
717789,1
721278,1
72128,2
721297,1
721319,1
721345,1
721347,1
721350,1
721352,1
721354,1
72141,1
72162,1
72170,1
72179,2
72188,1
72195,1
72204,2
722091,1
722108,1
722110,2
72212,4
722153,1
722154,1
72219,1
72232,1
72241,1
72246,1
72260,1
72278,1
722826,1
722827,1
72288,1
72297,2
72306,1
72315,1
72324,2
72333,2
72343,2
72361,1
72372,1
72414,2
72472,1
72481,2
72494,1
72499,2
72508,2
72517,3
72526,1
72531,2
72587,2
727161,1
727164,1
727165,2
727660,1
727661,1
727679,1
727683,1
727686,2
727733,1
727735,1
727763,1
727794,1
727838,1
72783,2
72792,1
72801,2
72814,2
72821,1
72838,1
728508,1
72858,1
72882,1
72895,4
72900,1
72909,2
72919,2
729587,1
729588,1
729589,1
729590,3
729592,2
729598,1
729599,1
729600,1
729601,1
729620,1
729621,2
729639,1
729644,1
729645,1
729648,1
729650,1
729721,1
729722,1
729725,1
729728,1
729733,2
729735,1
729736,1
729740,1
729741,1
73016,1
73026,1
73037,1
73041,1
73049,2
73053,3
73057,2
73101,1
73118,1
73145,2
73164,1
73173,2
73191,3
73200,1
73218,2
73223,1
73333,2
73338,2
73357,1
73366,1
73506,2
73511,3
73520,2
73529,1
73552,2
73557,2
73570,2
73579,4
73584,2
73591,1
73609,2
73631,2
73642,2
73647,2
73656,1
73881,2
73903,2
73910,1
73928,1
73946,1
73959,2
73989,1
74005,1
74014,1
74023,2
74174,1
74184,1
74217,1
74222,3
74240,2
74245,2
74257,1
74284,1
74293,1
74302,2
74321,1
74333,1
74348,1
74353,2
74367,1
74411,2
74419,2
74429,3
74487,1
74509,1
74514,1
74527,5
74532,1
74541,2
74550,1
74557,4
74568,1
74582,1
74591,3
74609,2
74622,3
74627,2
74636,1
74645,1
74694,1
74703,2
74712,1
74721,2
74730,1
74739,1
74748,1
75057,1
75073,1
75082,1
75092,1
75102,1
75111,1
75120,4
75128,1
75141,4
75150,1
75279,1
75284,1
75291,1
75300,1
75318,1
75336,1
75394,1
75401,1
75447,2
75476,4
75498,1
75512,2
75633,1
75642,1
75651,1
75669,1
75678,2
75691,3
764965,1
764968,2
764969,1
764970,1
764971,1
764973,1
764991,1
764996,1
764997,1
764998,2
765006,1
765007,1
765011,2
765012,1
765014,1
765016,1
765017,1
765020,2
765027,1
765029,1
765030,2
765031,1
765032,1
765034,1
765035,3
765039,1
765040,1
765045,1
765419,2
765420,1
765426,1
765428,1
765429,1
765430,1
765432,1
765434,1
765435,3
765437,1
765535,4
765536,1
765537,1
765543,1
765544,1
765545,1
765546,1
765547,1
765610,1
765611,1
765612,1
765615,1
765617,1
765618,1
765623,2
765624,1
76570,2
76583,1
76592,2
76606,1
76615,1
766198,1
766200,2
766205,1
766209,2
766211,1
766218,1
76622,2
766236,1
766262,2
766268,1
766273,1
766278,1
766291,2
766303,1
76631,3
766387,1
766388,2
766389,1
766393,1
766394,2
766395,1
766396,1
76640,1
766468,1
766469,2
766473,1
766474,1
766475,1
766478,1
76649,1
766942,2
768785,1
77008,1
77035,2
77053,3
77062,2
77078,2
77083,2
771128,2
771138,1
771151,2
771152,1
771168,2
771169,1
771189,1
775697,1
775698,2
775701,1
775709,1
775713,1
775721,5
775722,1
775723,1
775815,2
776130,1
776140,1
776143,1
782876,2
782878,5
782881,4
782882,1
782883,1
782885,2
782886,2
782889,1
782890,1
782893,1
782894,1
782899,1
782900,1
78608,2
78618,1
78631,1
78640,1
78645,1
78654,2
78668,2
78682,4
78700,1
78709,4
78722,2
78727,1
78736,1
78745,4
78754,1
78765,1
78770,1
78773,1
78778,1
78787,2
788059,1
78805,3
788060,1
788064,1
788072,1
788073,1
78818,3
78823,2
78832,1
78857,4
78860,1
78869,1
788713,1
78876,1
78885,1
78894,2
78903,1
78912,2
78921,2
78942,1
78951,1
78960,1
78969,1
78978,2
78985,1
79003,1
79017,1
79026,1
79035,2
79048,1
79062,1
79075,1
79085,1
79092,1
79102,2
79106,2
79115,1
79126,1
79144,1
79153,1
79162,1
79171,2
79178,1
79200,1
79205,1
79214,1
79223,1
79241,1
79250,1
79259,2
79268,1
79275,1
79302,1
79318,1
79326,2
79330,1
79342,1
79346,2
79355,2
79364,1
79373,1
79382,1
79391,1
79401,1
79410,2
79525,3
79532,1
79550,1
79559,1
79568,1
79587,1
79599,1
79604,1
79611,2
79627,2
79636,2
79704,1
797074,1
797076,1
797077,2
797083,1
79723,2
79732,1
79742,1
79755,1
79766,1
79773,2
79792,1
79796,1
79803,1
79813,1
79824,1
79831,2
79838,3
79851,1
79857,3
79908,1
79913,1
79922,1
79934,1
79948,1
79954,1
79977,2
79994,2
800059,1
800060,1
800065,1
800066,1
800067,1
800068,1
80016,1
80143,2
80161,1
80170,2
80187,1
80212,1
80221,1
80230,1
80243,1
80248,1
80258,2
80267,2
80276,1
80285,1
80298,2
80312,1
80317,3
80326,2
80343,4
80356,4
80379,1
80388,2
80397,1
80415,1
80424,1
80437,1
80442,1
80629,2
80634,2
80659,2
80664,1
80667,1
80672,2
80682,1
80689,2
80693,1
80713,1
80718,1
80737,2
80760,1
80769,2
80795,1
80796,1
80889,1
80894,1
80899,2
80908,1
80917,1
80930,1
80939,1
80944,1
80953,1
81312,1
81321,1
81330,3
81339,1
81348,1
81357,1
81405,2
81418,1
81423,2
81453,2
81463,2
81472,1
81479,1
81486,1
81495,2
81508,2
81513,3
81596,2
81601,1
81610,2
817456,3
817481,1
817482,1
817483,1
817484,3
817487,1
81892,4
81910,2
81946,1
81955,1
81964,1
81972,1
82105,1
82115,1
82120,2
82125,3
821698,2
821699,1
82180,1
82195,1
82214,2
82274,2
82313,1
82323,1
82336,2
82342,2
82351,1
82360,1
82369,2
82378,1
82566,1
82603,1
82612,1
82619,2
82629,1
82633,2
82642,3
82664,5
82678,3
82691,1
82721,2
82738,3
82748,2
82994,1
83003,2
83012,1
83021,1
83043,1
83048,1
83076,1
83085,1
83094,2
83108,4
83126,1
83140,2
83147,1
83166,1
83173,4
83316,2
83325,1
83334,1
83343,1
83352,1
83359,3
83364,3
83376,2
83380,2
83398,1
83407,1
83453,1
83471,1
83484,2
83498,1
83503,2
837076,1
83771,1
83797,1
83849,3
83861,3
840304,1
843949,1
844389,3
844390,1
844711,2
844713,3
844759,2
844782,1
844783,1
844786,1
844798,1
844880,1
844881,2
844885,4
844897,1
844901,1
844923,1
844929,1
844989,1
845375,1
845376,1
845380,2
845383,1
845386,1
845389,1
845390,1
845407,3
845421,2
845429,1
845431,2
845477,1
845539,1
845550,1
845616,1
845623,1
845637,2
845646,1
845647,1
845648,1
846433,4
846466,1
846467,1
846725,1
846730,1
846734,2
846736,2
846738,1
846816,2
847160,3
847191,2
847257,1
847271,1
847880,1
848304,2
848306,1
848307,2
848308,1
848324,2
848326,3
848403,1
848404,1
848405,1
848419,1
848478,1
848479,2
848496,2
848497,1
851303,2
852306,2
85482,2
85490,1
85499,1
85506,1
85519,1
85524,1
85533,1
85547,2
85567,1
85576,1
85589,1
85594,1
85603,1
85612,1
85636,2
85641,5
85659,1
85668,3
85683,1
85689,1
85699,1
85706,1
85925,1
85934,1
85950,1
85959,1
85968,1
85977,2
85990,1
85995,1
86004,1
86013,2
86020,1
86025,1
86035,2
86040,2
86045,2
86050,2
86106,3
86111,1
86120,1
86132,2
86136,2
86146,2
86150,1
86157,1
86166,1
86179,1
86188,2
86197,1
86206,2
86236,1
86245,1
86261,2
86304,1
86359,4
86386,1
86395,2
86447,2
86630,3
86634,1
86643,1
86661,1
86666,2
86686,1
86698,1
86797,5
86810,1
86819,1
86832,1
86837,1
86930,1
86939,1
86948,1
86965,2
86970,1
86987,2
86996,1
87005,2
87012,1
87027,4
87036,1
87055,1
87086,1
87098,2
87111,1
87145,1
87166,2
87179,2
87204,1
87213,1
87222,2
87231,3
87243,2
87256,1
87265,1
87274,1
87283,1
87319,3
87324,2
87576,1
87579,1
87588,2
87597,1
87604,3
87613,1
87622,2
87631,4
87726,1
87735,1
87744,2
88024,2
88036,1
88040,2
88065,2
88072,1
88086,1
88095,1
88141,2
88174,1
88252,1
88261,1
882729,1
88279,1
88288,1
88295,1
88302,2
88309,1
883328,1
883332,1
88346,2
88361,3
88386,1
88417,1
88443,3
88456,2
88478,1
88510,1
88531,1
88549,4
88559,1
88563,2
89046,2
89089,1
89096,1
89103,1
89390,2
89404,1
89408,3
89429,2
89454,2
89459,2
89468,2
89481,1
89486,1
89495,2
89550,2
89575,2
89582,2
89591,3
89612,2
89623,4
89626,2
89671,2
89678,2
89743,2
89752,3
89757,2
89761,2
89769,2
89779,1
89809,1
89821,1
89827,2
89874,1
89883,2
89888,1
89897,1
89910,2
89919,2
89928,2
89943,4
89948,1
89979,4
90019,1
90546,1
90558,3
90566,2
90592,1
90605,2
90623,1
90848,2
90857,4
90880,2
90889,2
90934,1
90999,1
91020,2
91029,3
91043,2
91057,1
91062,1
91078,1
91126,1
91135,2
91159,1
91210,1
91217,1
91224,2
91235,2
91248,1
91253,1
91262,1
91271,1
91294,2
91304,1
91395,1
91404,2
91422,1
91431,1
91438,1
91441,2
91450,2
91459,2
91468,3
91473,4
91483,1
915211,5
915496,1
915497,2
915501,1
915502,1
915537,3
915538,5
915542,1
91640,5
91645,2
91650,1
91654,1
91659,3
91664,5
91669,1
91674,2
91679,1
91684,3
91756,1
91761,2
91766,1
91779,3
91788,3
91797,1
91810,2
91815,1
91824,2
91842,1
91851,1
91873,2
91882,1
91891,2
91896,2
91905,1
91932,2
91935,1
91942,1
91945,1
91954,1
91967,4
91972,1
91985,2
91999,3
92012,1
92022,2
92035,3
92040,3
92092,4
92146,3
92160,1
92169,3
92182,3
92187,2
92194,1
92210,2
92217,2
92229,1
92238,1
92249,4
92253,1
92260,1
92273,4
92291,2
92296,3
92305,2
92321,1
92324,1
92337,2
92354,1
92406,1
92415,2
92534,2
92547,2
92559,1
92568,1
92577,3
92590,1
92595,2
92602,1
92628,4
92646,5
92669,2
92687,1
92696,1
92735,1
94363,2
94368,2
94377,2
94387,2
94397,1
94401,1
94405,2
94414,1
94423,1
94453,1
94467,2
94520,3
94525,3
94532,1
94541,1
94588,1
94601,1
94606,2
94615,2
94624,2
94644,2
94649,1
94667,1
94676,1
94683,2
94690,1
94797,1
94804,1
94809,1
94816,1
94824,1
94838,2
94847,3
94854,1
94872,1
94894,2
94899,1
94908,1
94917,3
94926,2
94935,2
94946,1
94949,2
95615,1
95628,2
95633,1
95645,4
95662,2
95667,2
95674,1
95679,5
95688,1
95697,2
95705,1
96010,1
96025,1
96047,1
96061,1
96079,2
96092,1
96105,3
96110,1
96119,1
96145,1
96150,1
96169,2
96202,3
96218,1
96221,1
96234,2
96248,2
96261,1
96266,1
96275,2
96284,1
96300,1
96321,2
966279,4
97027,1
97039,1
97046,1
97055,1
97066,1
97081,1
97097,1
97106,4
97116,1
97125,1
971298,1
97134,1
97143,2
97152,1
97164,1
97177,1
97182,1
97191,3
97220,1
97223,1
97246,1
97264,1
97287,1
97306,2
97327,2
97341,4
98738,1
98747,4
98759,1
98772,1
98785,1
98795,1
98811,1
98829,1
98841,3
98845,1
98854,1
98888,4
98893,2
98902,1
99058,2
99065,1
99077,1
99086,4
99104,1
99122,1
99131,1
99141,2
99145,1
99187,2
99191,1
99196,1
99210,2
99219,2
99224,2
99252,4
99279,1
99300,2
