I1002440,1
I1002441,1
I1002502,5
I1002504,5
I1002615,1
I1002617,1
I1002687,6
I1002688,6
I1002699,1
I1002700,1
I1002701,2
I1002749,2
I1002750,2
I1002751,1
I1003234,1
I1003235,1
I1003247,2
I1003248,1
I1003349,4
I1003350,4
I1044936,2
I1044937,1
I1119692,1
I1119693,2
I1119717,3
I1119718,2
I1120539,4
I1125070,1
I1125071,1
I1125112,2
I1125113,2
I1125126,3
I1125127,3
I1129393,4
I1129394,3
I1129401,1
I1130183,2
I1130184,2
I1196675,6
I1196676,6
I1196677,6
I1196678,4
I1196679,6
I1196680,6
I1196681,6
I1196687,4
I1196703,1
I1196711,2
I1196712,1
I1196791,1
I1196799,6
I1196800,4
I1196820,1
I1196834,4
I1199048,2
I1199051,4
I1199379,1
I1199380,1
I1199386,1
I1199387,1
I1224287,1
I1224288,2
I1224293,1
I1224294,1
I1224295,1
I1224300,1
I1224301,1
I1224302,1
I1224324,1
I1224325,1
I1224326,1
I1225075,1
I223790,1
I224177,1
I224190,5
I224191,1
I224211,1
I224215,1
I224244,1
I224246,1
I224249,2
I224304,4
I224316,4
I224322,4
I224327,4
I224328,5
I224333,1
I224339,1
I224530,1
I224562,1
I224574,2
I224575,2
I224582,4
I224585,5
I224589,4
I224593,5
I224599,3
I225814,4
I225821,1
I225823,1
I225826,2
I225831,2
I226365,1
I226398,4
I226403,4
I226405,3
I226414,3
I226425,1
I226449,1
I226467,1
I232089,2
I232103,1
I232120,2
I232124,2
I232141,1
I232161,1
I235251,4
I237927,3
I237930,6
I237933,3
I237935,3
I237938,3
I237942,1
I237945,2
I237949,4
I237957,1
I238001,1
I238036,1
I243167,1
I243182,3
I243205,1
I243213,5
I243217,5
I243236,4
I243242,1
I243249,2
I243252,3
I243254,2
I243259,5
I243265,1
I243280,1
I243282,2
I243288,1
I243291,1
I243297,1
I243306,1
I243549,2
I243563,2
I243571,1
I243603,2
I243615,1
I243701,1
I243732,4
I243774,1
I243779,2
I243800,1
I243810,2
I243816,3
I243820,1
I243829,1
I249254,1
I249259,1
I249264,3
I249270,1
I249273,1
I249281,2
I249289,1
I249414,1
I249416,5
I249423,5
I249425,1
I249427,1
I249434,1
I249436,1
I249440,2
I249442,2
I249447,2
I249449,1
I249453,1
I249456,1
I249460,3
I249474,2
I249482,1
I252792,1
I253867,1
I253901,4
I253995,1
I254013,2
I259594,2
I259601,1
I259611,1
I259619,1
I259639,3
I260288,1
I260294,1
I260311,5
I260316,5
I260324,5
I260341,4
I260351,4
I260354,2
I260355,2
I260358,2
I260368,3
I260378,1
I260382,1
I260386,1
I260389,1
I260391,4
I260395,1
I260401,2
I260404,3
I264672,2
I264677,1
I264680,1
I264690,1
I264693,1
I264697,3
I265339,3
I265352,4
I265355,1
I265366,2
I265405,1
I269443,3
I269470,1
I269488,1
I269524,1
I269529,1
I269535,1
I269549,2
I269556,2
I269563,1
I269566,2
I269570,1
I269578,1
I269579,1
I269587,4
I269591,2
I269597,1
I269990,1
I269994,1
I269998,3
I270000,4
I270004,4
I270008,1
I270013,3
I270015,1
I270021,3
I270032,5
I270048,2
I270060,1
I270074,1
I270075,2
I275285,1
I275289,1
I275292,4
I275297,1
I275299,3
I275305,1
I275545,3
I275553,1
I275561,1
I275576,2
I275631,3
I275717,2
I275771,1
I282083,1
I282107,4
I282114,1
I282121,1
I282125,2
I282129,1
I282136,2
I282151,1
I282775,3
I282777,4
I282780,3
I282785,4
I282789,2
I282794,4
I282799,4
I282801,5
I282804,6
I282822,2
I282828,1
I282830,1
I282833,1
I282837,1
I282839,3
I282843,2
I282852,2
I287564,1
I287568,1
I287573,5
I287576,5
I287580,1
I287584,1
I287587,1
I287591,1
I287593,1
I287600,2
I287603,2
I287610,2
I287621,2
I287845,2
I287851,1
I287857,1
I287863,2
I287902,2
I287917,1
I287931,2
I287964,1
I287983,1
I287999,2
I288048,2
I288078,1
I288115,1
I288122,1
I288146,1
I288150,1
I288179,1
I288198,1
I288213,1
I294935,2
I294968,2
I295002,3
I295069,1
I295125,2
I295194,1
I295241,2
I296431,2
I296442,4
I296443,1
I296467,2
I296474,3
I296478,1
I296484,1
I296488,1
I296495,1
I296498,4
I296522,3
I296564,2
I297322,1
I297325,4
I297328,2
I301404,1
I301407,4
I301412,1
I301419,5
I301422,5
I301428,1
I301529,2
I301538,3
I301540,2
I301546,2
I301552,3
I301558,4
I301564,3
I301582,2
I301592,4
I301614,1
I305849,1
I305874,4
I305915,1
I305942,1
I305951,1
I305958,1
I305962,1
I306014,1
I306025,2
I306032,1
I306043,4
I306513,1
I307201,1
I307218,1
I307257,2
I307276,1
I307294,2
I307303,2
I307338,1
I307343,1
I310300,4
I310303,2
I310306,1
I310310,1
I310314,4
I315585,1
I315596,4
I315614,3
I315625,3
I315628,1
I315632,2
I315639,2
I315644,5
I315651,1
I315654,1
I315661,2
I315666,4
I315687,5
I315708,1
I315721,1
I315739,1
I317855,4
I317860,2
I317862,2
I322874,2
I322908,2
I322933,3
I322975,2
I323005,4
I334532,1
I334554,2
I334557,1
I334563,1
I334568,3
I334572,1
I334581,5
I334588,1
I334591,1
I334595,1
I337507,1
I337535,2
I337595,1
I337599,4
I337603,4
I337606,1
I337653,1
I337672,2
I337681,2
I337698,1
I337702,1
I337711,2
I337731,4
I337758,2
I337768,5
I337789,2
I340229,1
I340231,4
I340235,4
I340240,3
I340241,1
I340245,1
I340250,1
I340254,1
I340585,1
I340595,2
I340602,1
I340610,4
I340616,1
I340622,2
I340628,1
I340631,1
I340637,1
I340645,1
I340648,1
I340658,3
I340666,2
I340671,1
I340679,2
I340682,3
I340689,1
I340692,1
I340698,3
I340704,4
I340722,1
I340726,1
I340732,1
I340737,2
I340752,2
I340756,2
I340761,1
I340769,2
I340795,1
I340801,1
I340804,3
I340809,1
I340819,2
I340824,1
I340854,2
I340882,1
I340891,1
I344266,4
I344274,1
I344278,2
I344282,4
I344287,2
I344304,1
I344310,2
I344313,3
I344323,1
I344327,1
I344350,2
I344357,1
I344360,2
I344382,2
I344390,4
I344393,1
I344401,2
I344403,2
I348730,1
I348739,3
I348754,3
I348762,4
I348776,3
I348807,2
I348811,2
I348814,4
I348820,3
I348858,3
I351037,1
I351068,1
I351084,3
I351149,1
I351188,4
I351195,1
I351204,1
I352220,1
I352226,2
I352228,2
I352232,1
I352247,1
I352250,3
I352255,1
I352271,2
I352274,3
I353356,2
I353382,3
I353395,2
I353402,6
I353409,2
I353413,4
I353425,2
I353438,1
I353442,1
I353447,1
I353460,2
I353464,4
I353477,3
I353508,2
I353543,1
I353588,1
I353654,2
I353717,1
I353812,4
I353818,2
I355273,3
I355278,2
I355289,3
I355301,4
I355304,1
I355309,1
I355317,3
I355323,3
I355324,2
I355340,5
I355344,3
I355346,2
I355350,2
I355358,2
I355397,1
I355401,2
I355404,2
I355407,4
I355410,4
I355411,2
I355416,3
I355420,4
I355422,2
I355428,2
I355432,6
I355434,3
I355961,1
I355973,2
I355985,1
I355988,2
I355994,2
I356008,3
I356013,1
I356016,2
I356035,1
I356056,2
I356064,2
I356067,1
I357579,1
I357583,2
I357591,1
I357592,1
I357616,1
I357620,4
I357629,2
I357637,3
I357641,2
I357646,1
I357674,2
I357683,1
I357697,1
I357722,2
I357737,4
I357747,1
I357765,2
I357779,3
I357801,4
I361857,1
I362002,1
I362007,1
I362010,1
I362013,3
I362024,1
I362033,1
I362036,1
I362040,1
I362045,1
I362046,1
I362459,4
I362472,3
I362495,1
I362498,1
I362503,1
I362514,1
I362523,1
I362557,2
I362572,1
I362580,4
I362588,4
I362613,1
I362630,1
I362633,1
I362644,1
I362650,1
I362655,2
I363968,1
I363971,1
I363973,1
I363979,2
I363981,1
I363985,3
I363989,3
I363998,2
I364000,2
I364004,2
I364011,3
I364014,2
I364018,2
I364024,2
I364029,3
I364035,1
I364043,2
I364047,2
I364052,5
I364056,4
I364057,3
I364061,3
I364065,3
I364070,3
I364076,4
I364078,3
I364082,3
I364087,2
I365068,1
I365070,1
I365104,4
I365108,1
I365114,1
I365157,1
I365163,1
I365202,1
I365221,1
I365249,2
I365264,1
I365287,2
I365293,1
I366133,2
I366279,2
I366283,2
I366288,3
I366291,1
I366296,1
I366298,3
I366304,4
I366307,4
I366309,5
I366314,4
I366320,1
I366323,3
I366325,1
I366330,3
I366333,5
I366338,2
I366352,3
I366360,2
I366363,2
I366367,2
I366370,2
I366376,3
I366380,3
I367278,2
I367286,3
I367290,1
I367298,1
I367304,1
I367333,2
I367344,1
I367371,1
I367385,2
I367394,1
I367428,1
I367447,2
I368560,2
I368568,1
I368569,3
I368571,2
I368575,2
I368579,1
I368581,1
I368584,1
I368589,1
I368592,1
I368601,2
I368605,4
I369011,1
I369025,4
I369044,3
I369094,1
I369124,2
I369184,1
I369208,3
I369349,1
I369358,2
I369365,1
I369375,1
I369402,1
I369418,1
I369468,4
I369477,2
I369491,1
I372173,2
I372179,1
I372180,4
I372183,4
I372185,3
I372192,3
I372195,3
I372197,3
I372202,3
I372209,1
I372213,2
I372216,3
I372218,2
I372222,2
I372227,3
I372312,4
I372318,1
I372328,1
I372345,1
I372353,1
I372360,1
I372975,1
I372986,1
I372992,1
I373009,2
I373034,1
I373039,3
I373064,5
I373967,5
I373981,4
I373991,1
I373998,3
I374019,4
I374029,4
I374043,4
I374054,1
I374065,1
I374083,1
I374085,6
I374091,1
I374094,1
I374097,1
I374102,1
I374114,1
I374118,1
I374129,2
I374155,2
I374167,3
I374174,2
I374717,2
I374736,1
I374743,1
I374747,2
I374856,1
I374880,1
I374887,1
I374889,2
I374894,1
I374908,1
I377721,4
I377725,3
I377727,2
I377735,2
I377739,2
I377742,2
I377750,3
I377940,1
I377941,4
I377956,2
I377972,1
I377984,1
I378212,3
I378218,1
I378222,1
I378245,3
I378250,2
I378359,2
I378541,2
I378558,1
I378565,1
I378566,
I378568,
I382281,1
I382285,1
I382288,1
I382296,1
I382299,1
I382304,1
I382342,1
I382346,3
I382351,1
I382354,3
I382363,1
I382368,1
I387308,1
I387309,1
I387319,1
I387325,3
I387327,4
I387334,4
I387374,3
I387381,4
I387388,1
I393535,1
I393608,1
I393613,1
I393616,3
I393623,2
I393631,1
I393637,1
I393643,1
I393646,1
I393653,3
I393665,3
I393668,1
I393673,1
I393681,2
I393687,1
I393692,2
I393700,1
I395241,1
I395247,3
I395250,1
I395276,1
I395284,1
I395287,1
I395294,1
I395297,4
I395312,1
I395314,1
I395436,2
I395438,5
I395443,1
I395588,1
I395591,3
I395598,3
I395608,3
I395612,3
I395623,3
I395627,3
I395632,2
I395637,4
I397585,1
I397591,3
I397595,2
I397621,4
I397628,1
I397633,1
I397637,4
I397644,1
I397751,4
I397763,1
I397766,1
I397771,1
I397775,2
I402058,3
I402060,1
I402066,1
I402072,1
I402078,4
I402083,1
I402104,4
I402124,2
I402128,4
I402143,2
I402150,2
I402252,6
I402266,1
I402280,1
I402287,1
I402292,1
I412175,1
I412182,2
I412188,1
I412193,1
I412195,1
I412199,1
I412208,3
I414610,3
I414612,1
I414620,1
I414627,1
I414629,4
I414635,1
I414642,2
I414646,1
I414651,1
I414656,4
I414660,1
I415702,1
I415708,1
I415716,1
I415720,1
I415727,4
I415729,2
I415738,3
I415746,1
I415750,1
I415759,3
I415763,2
I415769,1
I416905,1
I416913,1
I416916,1
I416927,3
I416933,3
I416999,6
I417017,1
I417023,4
I417031,1
I417039,1
I417044,1
I417050,6
I417056,1
I417062,2
I417067,2
I419328,3
I419333,4
I419338,3
I419341,4
I419357,3
I419368,5
I420318,1
I420324,4
I420328,1
I420338,1
I420341,3
I420360,1
I423712,5
I423714,1
I423722,1
I423724,1
I423733,1
I423735,4
I423741,4
I423752,1
I423759,1
I423764,2
I423770,2
I423772,1
I423791,2
I425376,2
I430141,1
I430144,1
I430152,2
I430155,1
I430161,1
I430166,2
I430172,5
I430183,2
I430195,1
I430203,1
I430209,1
I430211,1
I436350,2
I436371,2
I436379,1
I436381,1
I436387,2
I436397,1
I436399,2
I436402,1
I436411,1
I436426,1
I436429,1
I436437,1
I436443,1
I437315,1
I437336,1
I437349,2
I440106,3
I440116,1
I440121,1
I440125,1
I440130,2
I440137,2
I440153,4
I440164,1
I440165,1
I440172,1
I440176,4
I440184,4
I440193,4
I440195,2
I440202,5
I440206,4
I440215,1
I440218,1
I440224,3
I440227,1
I440238,5
I440243,1
I440253,1
I440257,1
I440264,2
I440268,3
I440272,1
I440275,2
I440278,1
I440284,2
I440289,3
I440295,1
I440304,2
I440315,2
I440318,1
I440325,1
I440672,4
I440684,2
I440685,2
I440691,2
I440693,1
I440697,3
I440699,2
I440706,4
I449530,1
I449544,1
I449547,1
I449550,1
I449558,1
I449560,1
I449567,1
I449573,3
I449577,1
I449582,1
I449613,4
I449617,4
I449627,2
I449659,2
I449665,2
I449668,1
I449673,3
I449680,2
I449683,2
I449698,1
I449731,2
I450998,4
I451005,2
I451007,3
I451010,1
I451017,1
I451018,2
I451022,3
I451028,2
I451032,1
I451033,2
I451037,1
I466846,1
I466873,1
I466879,1
I466885,1
I466899,3
I466936,2
I466953,5
I466962,1
I467068,2
I468216,2
I468221,1
I468222,1
I468226,1
I468229,1
I468241,1
I468243,5
I468920,2
I468927,1
I468931,3
I468934,1
I468940,1
I468950,1
I473075,1
I473096,1
I473109,1
I473964,1
I473967,2
I473979,1
I473982,1
I473983,3
I475648,2
I475653,1
I475658,1
I475659,1
I475663,4
I475673,3
I475681,1
I475690,2
I475721,2
I482290,1
I482300,1
I482303,1
I482316,2
I482326,1
I482331,2
I482333,3
I482345,1
I482361,1
I482362,1
I491572,5
I491581,4
I491590,1
I491591,1
I491599,1
I491601,1
I491620,4
I491636,1
I491662,1
I491671,1
I495172,3
I495175,1
I495180,1
I495185,1
I495192,3
I495205,1
I495208,2
I495212,1
I495214,2
I497209,4
I497215,3
I497218,1
I497223,1
I497228,2
I497237,1
I497240,1
I497242,1
I497248,1
I497252,1
I497255,4
I497276,1
I497279,1
I498876,1
I498885,1
I498890,1
I498894,1
I498900,1
I498905,1
I498913,1
I498916,1
I498927,2
I498939,2
I507365,3
I507385,1
I507388,1
I507393,2
I507395,1
I507401,1
I507827,3
I507829,1
I507833,1
I507838,4
I507851,2
I507856,1
I507871,1
I507875,1
I507880,1
I507883,1
I508248,2
I515213,1
I515217,1
I515225,4
I515228,4
I515236,4
I515239,1
I515247,3
I544621,3
I548982,3
I548986,1
I548990,1
I548998,1
I549022,3
I549030,3
I549035,1
I549039,1
I549044,3
I549049,3
I554248,3
I554251,1
I554258,1
I554262,1
I554270,1
I554285,1
I554299,1
I554319,1
I554320,1
I554327,1
I554328,4
I554336,4
I554338,2
I554345,2
I554354,1
I554359,2
I554362,1
I557554,1
I557556,1
I560372,2
I574262,5
I574268,1
I574274,1
I574312,3
I574314,3
I574332,5
I574351,4
I581030,4
I581031,4
I581040,4
I581043,1
I581047,4
I581096,2
I581110,1
I581112,3
I581113,2
I581119,3
I581120,1
I581136,3
I581147,6
I581151,6
I581152,1
I581154,1
I581156,1
I581162,1
I581164,1
I581174,3
I581178,4
I581183,4
I615216,4
I615236,1
I615239,1
I615241,2
I615245,1
I615265,1
I615268,1
I615270,1
I615274,1
I615297,1
I615300,2
I615303,1
I615306,1
I615309,1
I615375,5
I615381,5
I626652,5
I626663,1
I643374,3
I643375,4
I643389,1
I643390,1
I643402,1
I643404,1
I643413,1
I643415,1
I643419,1
I643422,1
I650178,1
I665273,2
I665278,1
I665282,1
I665283,1
I665286,1
I665287,1
I665297,5
I665298,
I665301,1
I665302,1
I665381,1
I665387,1
I689550,2
I689553,3
I689582,3
I689588,3
I689593,3
I689594,3
I689597,2
I689603,1
I689604,1
I689617,1
I689631,1
I689633,1
I689653,1
I713679,1
I713684,1
I713688,1
I713690,1
I713692,3
I713694,3
I713698,1
I713704,1
I713709,1
I713712,1
I713715,1
I713720,1
I713721,5
I713726,5
I713740,1
I713743,1
I714508,1
I728336,4
I738217,1
I738218,2
I738222,2
I738227,1
I738234,1
I738235,3
I738276,1
I738277,1
I738285,1
I757654,3
I757784,1
I757789,1
I757792,1
I757793,1
I757801,6
I757802,3
I757805,4
I757808,5
I757814,1
I757816,1
I757818,1
I757823,1
I769268,2
I769269,3
I769276,3
I769279,1
I769284,4
I769285,4
I769290,1
I769291,1
I769296,3
I769297,4
I769301,3
I769304,4
I769307,2
I769309,3
I769311,1
I769313,1
I769509,6
I778956,1
I778958,1
I778960,4
I778961,4
I778967,1
I778970,1
I778975,2
I778976,2
I778977,1
I778982,1
I778984,1
I778990,1
I778992,4
I778996,4
I779001,2
I779003,3
I781832,1
I781861,3
I787959,6
I790468,3
I790471,1
I790472,2
I790475,1
I790476,1
I790480,1
I790482,4
I790486,4
I790490,5
I790491,4
I790500,1
I790503,1
I790806,1
I790808,1
I790819,2
I790820,2
I790821,1
I793542,1
I793543,1
I793558,2
I793559,3
I793579,1
I793580,1
I808160,2
I808161,1
I808167,1
I808168,1
I808174,3
I808175,2
I808176,2
I808182,1
I808231,1
I808232,1
I808242,4
I808255,3
I808256,2
I812608,2
I814548,3
I814553,1
I814568,1
I814571,1
I814579,3
I814583,1
I814587,2
I814591,2
I814595,2
I814637,3
I814640,4
I814644,1
I831129,1
I831130,1
I831136,1
I831137,2
I832480,4
I832481,4
I845689,1
I845690,1
I853418,1
I853419,1
I853425,2
I853426,2
I853427,1
I864496,4
I864497,4
I864514,1
I864515,1
I864549,1
I864550,1
I864589,1
I864590,1
I864626,3
I864627,4
I864695,4
I864696,4
I864776,1
I864777,1
I864803,1
I864804,1
I864805,1
I864810,2
I864811,1
I864812,1
I864817,4
I864818,5
I864900,1
I864901,1
I864971,2
I864972,1
I893238,1
I901141,1
I901142,1
I901148,1
I901149,1
I901168,3
I901169,3
I901175,1
I901176,1
I901182,1
I901183,1
I901184,1
I901190,1
I901191,1
I901197,1
I901198,1
I901224,4
I901225,4
I901231,3
I901232,1
I901233,3
I901239,1
I901240,1
I901266,6
I901267,5
I901268,3
I901269,1
I901274,3
I901275,5
I901280,1
I901281,1
I901282,1
I901307,3
I901308,4
I901344,4
I901345,4
I901358,5
I901359,4
I901400,1
I901401,1
I945374,2
I945375,2
I951585,4
I951586,4
I951591,4
I951592,5
I951597,1
I951598,1
I951604,4
I951605,4
I951661,4
I951663,1
I951665,1
I951730,1
I951731,1
I951748,1
I951749,2
I951750,4
I951755,1
I951796,1
I951797,1
I951798,2
I951803,1
I951804,2
I951871,1
I951872,1
I951906,1
I951919,1
I951920,1
I951926,3
I951927,4
I966928,2
I966929,4
I966930,4
